{
  "type": "FeatureCollection",
  "features": [
    {
      "id": 3,
      "type": "Feature",
      "properties": {
        "OBJECTID": 3,
        "EditDate": "2025-05-27T17:51:36.626Z",
        "PressureZone": "2 NORTH",
        "CreationDate": "2025-05-27T17:51:36.626Z",
        "Creator": "Connor.Jenkins_cor",
        "Editor": "Connor.Jenkins_cor",
        "SHAPE__Area": 62907819.691101074,
        "SHAPE__Length": 43620.278119980525
      },
      "geometry": {
        "type": "Polygon",
        "coordinates": [
          [
            [
              -77.4888991,
              37.5779378
            ],
            [
              -77.4884716,
              37.5775847
            ],
            [
              -77.4884576,
              37.5775731
            ],
            [
              -77.4884069,
              37.5775313
            ],
            [
              -77.4881504,
              37.5773194
            ],
            [
              -77.4878032,
              37.5770325
            ],
            [
              -77.4878011,
              37.5770308
            ],
            [
              -77.4877986,
              37.5770287
            ],
            [
              -77.487693,
              37.5771267
            ],
            [
              -77.4876061,
              37.57707
            ],
            [
              -77.4876991,
              37.5769656
            ],
            [
              -77.487709,
              37.5769547
            ],
            [
              -77.4877464,
              37.5769131
            ],
            [
              -77.4877591,
              37.576899
            ],
            [
              -77.4877572,
              37.5768975
            ],
            [
              -77.4876414,
              37.57681
            ],
            [
              -77.4875846,
              37.5767629
            ],
            [
              -77.4871521,
              37.5764081
            ],
            [
              -77.4869957,
              37.5762798
            ],
            [
              -77.4869492,
              37.5762407
            ],
            [
              -77.4869486,
              37.5762402
            ],
            [
              -77.4869198,
              37.576216
            ],
            [
              -77.4868527,
              37.5761596
            ],
            [
              -77.4868528,
              37.5761595
            ],
            [
              -77.4868201,
              37.5761323
            ],
            [
              -77.4867918,
              37.5761088
            ],
            [
              -77.4866688,
              37.5760088
            ],
            [
              -77.4866556,
              37.575998
            ],
            [
              -77.48661,
              37.5759609
            ],
            [
              -77.4864571,
              37.5758367
            ],
            [
              -77.4864512,
              37.5758318
            ],
            [
              -77.486266,
              37.5756779
            ],
            [
              -77.4862423,
              37.5756581
            ],
            [
              -77.4862256,
              37.5756445
            ],
            [
              -77.4861522,
              37.5755846
            ],
            [
              -77.4860307,
              37.5754855
            ],
            [
              -77.4860265,
              37.5754855
            ],
            [
              -77.4864415,
              37.5749601
            ],
            [
              -77.4866909,
              37.5746409
            ],
            [
              -77.4868757,
              37.5747496
            ],
            [
              -77.4870366,
              37.5748457
            ],
            [
              -77.4871868,
              37.5747117
            ],
            [
              -77.4874185,
              37.5744219
            ],
            [
              -77.4876818,
              37.574085
            ],
            [
              -77.4877803,
              37.5739492
            ],
            [
              -77.4882682,
              37.573334
            ],
            [
              -77.4883395,
              37.573167
            ],
            [
              -77.4885923,
              37.5728424
            ],
            [
              -77.4886204,
              37.5728055
            ],
            [
              -77.4888732,
              37.5724795
            ],
            [
              -77.4890033,
              37.5723424
            ],
            [
              -77.488657,
              37.5721343
            ],
            [
              -77.4887834,
              37.5719754
            ],
            [
              -77.4891052,
              37.5721642
            ],
            [
              -77.4892944,
              37.5719509
            ],
            [
              -77.4894313,
              37.5720331
            ],
            [
              -77.4896801,
              37.5717565
            ],
            [
              -77.4899728,
              37.5714527
            ],
            [
              -77.4898166,
              37.5713573
            ],
            [
              -77.4901575,
              37.5708899
            ],
            [
              -77.4902462,
              37.5707734
            ],
            [
              -77.4900705,
              37.5706886
            ],
            [
              -77.4898649,
              37.5705873
            ],
            [
              -77.4901177,
              37.5702578
            ],
            [
              -77.4901598,
              37.5702081
            ],
            [
              -77.4904127,
              37.5698786
            ],
            [
              -77.4905249,
              37.5697415
            ],
            [
              -77.4907602,
              37.5694373
            ],
            [
              -77.4907883,
              37.5694018
            ],
            [
              -77.490985,
              37.5691439
            ],
            [
              -77.4911148,
              37.5689844
            ],
            [
              -77.4913606,
              37.5686699
            ],
            [
              -77.4913852,
              37.5686365
            ],
            [
              -77.4916028,
              37.5683561
            ],
            [
              -77.4917151,
              37.5682191
            ],
            [
              -77.4919503,
              37.5679162
            ],
            [
              -77.4919784,
              37.5678794
            ],
            [
              -77.4921962,
              37.5675949
            ],
            [
              -77.4924246,
              37.5673149
            ],
            [
              -77.4922639,
              37.5672372
            ],
            [
              -77.4912136,
              37.5667205
            ],
            [
              -77.4910469,
              37.5666428
            ],
            [
              -77.4896069,
              37.5659248
            ],
            [
              -77.4893808,
              37.5658108
            ],
            [
              -77.4893349,
              37.5658663
            ],
            [
              -77.4891944,
              37.5657944
            ],
            [
              -77.4890504,
              37.5657211
            ],
            [
              -77.4888688,
              37.5656282
            ],
            [
              -77.4886701,
              37.5655263
            ],
            [
              -77.4885193,
              37.5654488
            ],
            [
              -77.4883514,
              37.5653629
            ],
            [
              -77.4881732,
              37.5652707
            ],
            [
              -77.4880224,
              37.5651939
            ],
            [
              -77.4879059,
              37.5651339
            ],
            [
              -77.4876832,
              37.5650193
            ],
            [
              -77.4871418,
              37.5647414
            ],
            [
              -77.4869979,
              37.5646674
            ],
            [
              -77.4862337,
              37.5642757
            ],
            [
              -77.4859904,
              37.5641514
            ],
            [
              -77.4858329,
              37.5640656
            ],
            [
              -77.4851303,
              37.5637149
            ],
            [
              -77.4887285,
              37.5604182
            ],
            [
              -77.4888639,
              37.5602343
            ],
            [
              -77.4890849,
              37.5603375
            ],
            [
              -77.4894567,
              37.5598882
            ],
            [
              -77.4898179,
              37.5594532
            ],
            [
              -77.4900108,
              37.55922
            ],
            [
              -77.4901938,
              37.5589496
            ],
            [
              -77.4902817,
              37.5585672
            ],
            [
              -77.4902928,
              37.5585145
            ],
            [
              -77.490388,
              37.5581026
            ],
            [
              -77.4904352,
              37.5579279
            ],
            [
              -77.4905406,
              37.5575278
            ],
            [
              -77.4905517,
              37.5574743
            ],
            [
              -77.4905843,
              37.5573579
            ],
            [
              -77.4906661,
              37.5571753
            ],
            [
              -77.4906909,
              37.5571322
            ],
            [
              -77.4907049,
              37.5571179
            ],
            [
              -77.4907396,
              37.5571017
            ],
            [
              -77.4910188,
              37.556859
            ],
            [
              -77.4911115,
              37.5561258
            ],
            [
              -77.4910225,
              37.5558181
            ],
            [
              -77.4909808,
              37.5555801
            ],
            [
              -77.4909714,
              37.5555073
            ],
            [
              -77.4909525,
              37.5553746
            ],
            [
              -77.4909501,
              37.555299
            ],
            [
              -77.4909874,
              37.5550865
            ],
            [
              -77.491047,
              37.5547595
            ],
            [
              -77.4911441,
              37.5542096
            ],
            [
              -77.4911989,
              37.5539815
            ],
            [
              -77.4912845,
              37.5535153
            ],
            [
              -77.4913293,
              37.553263
            ],
            [
              -77.4913778,
              37.5529901
            ],
            [
              -77.4914263,
              37.5527165
            ],
            [
              -77.4914748,
              37.5524457
            ],
            [
              -77.4915233,
              37.5521742
            ],
            [
              -77.4915753,
              37.5518993
            ],
            [
              -77.4916237,
              37.5516306
            ],
            [
              -77.4916722,
              37.5513577
            ],
            [
              -77.4917243,
              37.5510794
            ],
            [
              -77.4917432,
              37.5509525
            ],
            [
              -77.4918295,
              37.5504362
            ],
            [
              -77.4918541,
              37.5501405
            ],
            [
              -77.4918828,
              37.5498022
            ],
            [
              -77.4919524,
              37.5487269
            ],
            [
              -77.4919776,
              37.5483927
            ],
            [
              -77.4919919,
              37.5480962
            ],
            [
              -77.4920144,
              37.5479673
            ],
            [
              -77.4921069,
              37.5477586
            ],
            [
              -77.4922191,
              37.5476188
            ],
            [
              -77.4923798,
              37.5474685
            ],
            [
              -77.4926729,
              37.5472196
            ],
            [
              -77.4928373,
              37.5470542
            ],
            [
              -77.4929743,
              37.5468686
            ],
            [
              -77.4930945,
              37.5466458
            ],
            [
              -77.4931374,
              37.5465397
            ],
            [
              -77.4931666,
              37.5464143
            ],
            [
              -77.4932069,
              37.5462395
            ],
            [
              -77.493209,
              37.5460878
            ],
            [
              -77.4932238,
              37.5460117
            ],
            [
              -77.4932688,
              37.5459984
            ],
            [
              -77.4934656,
              37.5459877
            ],
            [
              -77.4936209,
              37.545976
            ],
            [
              -77.4942362,
              37.5458802
            ],
            [
              -77.4942806,
              37.5461738
            ],
            [
              -77.4948405,
              37.5463461
            ],
            [
              -77.4949906,
              37.5464737
            ],
            [
              -77.4950998,
              37.5465666
            ],
            [
              -77.4952747,
              37.5466437
            ],
            [
              -77.4953394,
              37.5467033
            ],
            [
              -77.4953662,
              37.5467605
            ],
            [
              -77.4953788,
              37.5468547
            ],
            [
              -77.4953677,
              37.5469054
            ],
            [
              -77.4965116,
              37.5475262
            ],
            [
              -77.4965957,
              37.5474239
            ],
            [
              -77.4965205,
              37.5473772
            ],
            [
              -77.4966974,
              37.5470256
            ],
            [
              -77.497207,
              37.5470166
            ],
            [
              -77.4971582,
              37.5469285
            ],
            [
              -77.4971438,
              37.5468936
            ],
            [
              -77.497121,
              37.5468532
            ],
            [
              -77.4971108,
              37.5468305
            ],
            [
              -77.4971024,
              37.5468119
            ],
            [
              -77.4970519,
              37.5467336
            ],
            [
              -77.4970109,
              37.5466555
            ],
            [
              -77.4969778,
              37.5465943
            ],
            [
              -77.4969384,
              37.5465106
            ],
            [
              -77.4969528,
              37.5464452
            ],
            [
              -77.4969287,
              37.5463832
            ],
            [
              -77.4969159,
              37.5463471
            ],
            [
              -77.4968915,
              37.5461952
            ],
            [
              -77.4969958,
              37.5458823
            ],
            [
              -77.4970245,
              37.5457947
            ],
            [
              -77.4974213,
              37.5455296
            ],
            [
              -77.4975805,
              37.5454897
            ],
            [
              -77.497983,
              37.5453091
            ],
            [
              -77.4983613,
              37.5451386
            ],
            [
              -77.4983276,
              37.5450799
            ],
            [
              -77.4980422,
              37.5449432
            ],
            [
              -77.4984349,
              37.5444236
            ],
            [
              -77.4985526,
              37.5438271
            ],
            [
              -77.4983119,
              37.5437564
            ],
            [
              -77.4982077,
              37.5436223
            ],
            [
              -77.4984507,
              37.5433002
            ],
            [
              -77.4984601,
              37.5432369
            ],
            [
              -77.4985357,
              37.5432593
            ],
            [
              -77.4985669,
              37.5432031
            ],
            [
              -77.4985337,
              37.5430117
            ],
            [
              -77.4985133,
              37.5430023
            ],
            [
              -77.4984794,
              37.5428913
            ],
            [
              -77.4982349,
              37.5416869
            ],
            [
              -77.4981131,
              37.5415829
            ],
            [
              -77.4979204,
              37.5414675
            ],
            [
              -77.4975913,
              37.5413178
            ],
            [
              -77.4971646,
              37.5412442
            ],
            [
              -77.496661,
              37.5412413
            ],
            [
              -77.496233,
              37.5412617
            ],
            [
              -77.4959798,
              37.541267
            ],
            [
              -77.4958846,
              37.541269
            ],
            [
              -77.4955017,
              37.5412665
            ],
            [
              -77.4952013,
              37.5412955
            ],
            [
              -77.4949384,
              37.541351
            ],
            [
              -77.4946619,
              37.5413905
            ],
            [
              -77.4944648,
              37.5414252
            ],
            [
              -77.4943919,
              37.5414617
            ],
            [
              -77.4936408,
              37.5411475
            ],
            [
              -77.4931655,
              37.5406191
            ],
            [
              -77.4930176,
              37.5402247
            ],
            [
              -77.4928179,
              37.5398773
            ],
            [
              -77.4925234,
              37.5394565
            ],
            [
              -77.4924171,
              37.5393046
            ],
            [
              -77.4922146,
              37.5389895
            ],
            [
              -77.4919337,
              37.5385521
            ],
            [
              -77.4918547,
              37.5384879
            ],
            [
              -77.4916969,
              37.538364
            ],
            [
              -77.4915679,
              37.5382755
            ],
            [
              -77.4914214,
              37.5381749
            ],
            [
              -77.49128,
              37.5381192
            ],
            [
              -77.4910975,
              37.5380473
            ],
            [
              -77.4909715,
              37.5379977
            ],
            [
              -77.4908326,
              37.5379429
            ],
            [
              -77.4903862,
              37.5378802
            ],
            [
              -77.490098,
              37.5377519
            ],
            [
              -77.4899508,
              37.5376864
            ],
            [
              -77.4897757,
              37.5376283
            ],
            [
              -77.4892903,
              37.5375002
            ],
            [
              -77.4891133,
              37.5375206
            ],
            [
              -77.4888241,
              37.5375572
            ],
            [
              -77.4881953,
              37.537613
            ],
            [
              -77.4879125,
              37.5375396
            ],
            [
              -77.4871453,
              37.5372854
            ],
            [
              -77.4871763,
              37.5372286
            ],
            [
              -77.486978,
              37.5371712
            ],
            [
              -77.4869237,
              37.5371348
            ],
            [
              -77.4868724,
              37.5371113
            ],
            [
              -77.4868012,
              37.5371286
            ],
            [
              -77.4866884,
              37.5371225
            ],
            [
              -77.4866372,
              37.5370939
            ],
            [
              -77.4865827,
              37.5370729
            ],
            [
              -77.486528,
              37.5370621
            ],
            [
              -77.4864608,
              37.5370282
            ],
            [
              -77.4864205,
              37.5370121
            ],
            [
              -77.4862523,
              37.5369595
            ],
            [
              -77.4860961,
              37.5369306
            ],
            [
              -77.4859564,
              37.536885
            ],
            [
              -77.4858323,
              37.5368402
            ],
            [
              -77.4857246,
              37.5367735
            ],
            [
              -77.485646,
              37.5367385
            ],
            [
              -77.485618,
              37.5366996
            ],
            [
              -77.4855772,
              37.5366713
            ],
            [
              -77.4855492,
              37.5366503
            ],
            [
              -77.4854688,
              37.5367288
            ],
            [
              -77.4853502,
              37.5367922
            ],
            [
              -77.4849644,
              37.5363718
            ],
            [
              -77.4849101,
              37.5363175
            ],
            [
              -77.4848503,
              37.5362669
            ],
            [
              -77.4847854,
              37.5362204
            ],
            [
              -77.4847159,
              37.5361783
            ],
            [
              -77.4845817,
              37.5361094
            ],
            [
              -77.4844416,
              37.5360484
            ],
            [
              -77.4842963,
              37.5359955
            ],
            [
              -77.4841465,
              37.5359512
            ],
            [
              -77.4831008,
              37.5357359
            ],
            [
              -77.4830761,
              37.5357317
            ],
            [
              -77.4830189,
              37.5357245
            ],
            [
              -77.4829611,
              37.535722
            ],
            [
              -77.4829614,
              37.5356289
            ],
            [
              -77.4828227,
              37.5353869
            ],
            [
              -77.4823912,
              37.5353458
            ],
            [
              -77.482371,
              37.5350662
            ],
            [
              -77.4824129,
              37.5350344
            ],
            [
              -77.4824618,
              37.5350098
            ],
            [
              -77.4824936,
              37.5349989
            ],
            [
              -77.4825268,
              37.5349912
            ],
            [
              -77.4825609,
              37.5349866
            ],
            [
              -77.4825955,
              37.5349852
            ],
            [
              -77.48263,
              37.5349871
            ],
            [
              -77.482664,
              37.5349923
            ],
            [
              -77.482697,
              37.5350006
            ],
            [
              -77.4827285,
              37.535012
            ],
            [
              -77.4828315,
              37.5348535
            ],
            [
              -77.4827435,
              37.5348033
            ],
            [
              -77.4826642,
              37.5347447
            ],
            [
              -77.482595,
              37.5346786
            ],
            [
              -77.4825371,
              37.534606
            ],
            [
              -77.4824913,
              37.5345281
            ],
            [
              -77.4824584,
              37.5344462
            ],
            [
              -77.4824389,
              37.5343616
            ],
            [
              -77.4824332,
              37.5342758
            ],
            [
              -77.4824361,
              37.5342269
            ],
            [
              -77.4824435,
              37.5341784
            ],
            [
              -77.4823678,
              37.5341424
            ],
            [
              -77.4824119,
              37.5340731
            ],
            [
              -77.4823761,
              37.5340553
            ],
            [
              -77.4823587,
              37.5340467
            ],
            [
              -77.4823236,
              37.534029
            ],
            [
              -77.4822285,
              37.5339813
            ],
            [
              -77.4821529,
              37.5339378
            ],
            [
              -77.4820638,
              37.5338947
            ],
            [
              -77.4819615,
              37.5338421
            ],
            [
              -77.4817562,
              37.5337556
            ],
            [
              -77.4814682,
              37.5336102
            ],
            [
              -77.4811839,
              37.5334791
            ],
            [
              -77.48089,
              37.5333306
            ],
            [
              -77.4806248,
              37.5332154
            ],
            [
              -77.4803706,
              37.5331184
            ],
            [
              -77.4801536,
              37.5330601
            ],
            [
              -77.4796947,
              37.5329491
            ],
            [
              -77.4792311,
              37.5328435
            ],
            [
              -77.4788027,
              37.5327426
            ],
            [
              -77.4784411,
              37.5326543
            ],
            [
              -77.4782235,
              37.5325897
            ],
            [
              -77.4779373,
              37.5325227
            ],
            [
              -77.4776445,
              37.532453
            ],
            [
              -77.4774173,
              37.5323813
            ],
            [
              -77.4772396,
              37.5323498
            ],
            [
              -77.4771027,
              37.5322983
            ],
            [
              -77.4770121,
              37.5322323
            ],
            [
              -77.4768568,
              37.5321592
            ],
            [
              -77.476819,
              37.5321407
            ],
            [
              -77.4766948,
              37.5320722
            ],
            [
              -77.4765285,
              37.5319804
            ],
            [
              -77.4763845,
              37.5318785
            ],
            [
              -77.4762929,
              37.5318152
            ],
            [
              -77.4762043,
              37.5317537
            ],
            [
              -77.4761129,
              37.5316979
            ],
            [
              -77.4759962,
              37.5316294
            ],
            [
              -77.4759286,
              37.5315894
            ],
            [
              -77.4758578,
              37.5315485
            ],
            [
              -77.4757755,
              37.5315019
            ],
            [
              -77.4757914,
              37.5314746
            ],
            [
              -77.4756562,
              37.5314129
            ],
            [
              -77.4756447,
              37.5314077
            ],
            [
              -77.4756207,
              37.5313967
            ],
            [
              -77.4752879,
              37.5312426
            ],
            [
              -77.4749124,
              37.5310708
            ],
            [
              -77.4745542,
              37.5309064
            ],
            [
              -77.4741278,
              37.5307168
            ],
            [
              -77.4738935,
              37.530617
            ],
            [
              -77.4738927,
              37.5306167
            ],
            [
              -77.4736653,
              37.5305263
            ],
            [
              -77.4734651,
              37.530449
            ],
            [
              -77.4734641,
              37.5304486
            ],
            [
              -77.4733023,
              37.5303913
            ],
            [
              -77.4730691,
              37.5303118
            ],
            [
              -77.4728447,
              37.5302391
            ],
            [
              -77.4728438,
              37.5302388
            ],
            [
              -77.4726327,
              37.5301756
            ],
            [
              -77.4726318,
              37.5301753
            ],
            [
              -77.4724435,
              37.5301239
            ],
            [
              -77.4724427,
              37.5301237
            ],
            [
              -77.4722253,
              37.5300691
            ],
            [
              -77.4721093,
              37.5300407
            ],
            [
              -77.4720231,
              37.5300225
            ],
            [
              -77.4718781,
              37.5299919
            ],
            [
              -77.4716177,
              37.5299413
            ],
            [
              -77.4713962,
              37.529906
            ],
            [
              -77.4713951,
              37.5299059
            ],
            [
              -77.4711625,
              37.529875
            ],
            [
              -77.4710087,
              37.5298531
            ],
            [
              -77.4705843,
              37.5298173
            ],
            [
              -77.4700545,
              37.5298007
            ],
            [
              -77.4695466,
              37.5298123
            ],
            [
              -77.4689463,
              37.529862
            ],
            [
              -77.4688313,
              37.5298783
            ],
            [
              -77.4684121,
              37.5299377
            ],
            [
              -77.4679834,
              37.5300189
            ],
            [
              -77.4674442,
              37.5301274
            ],
            [
              -77.4672512,
              37.5301673
            ],
            [
              -77.4672392,
              37.5301698
            ],
            [
              -77.4672306,
              37.5301716
            ],
            [
              -77.4669256,
              37.5302346
            ],
            [
              -77.4669242,
              37.5302349
            ],
            [
              -77.4665882,
              37.5302925
            ],
            [
              -77.466499,
              37.5303086
            ],
            [
              -77.4664963,
              37.530309
            ],
            [
              -77.4663064,
              37.5303309
            ],
            [
              -77.4663036,
              37.5303312
            ],
            [
              -77.4661175,
              37.5303403
            ],
            [
              -77.4661167,
              37.5303404
            ],
            [
              -77.466012,
              37.5303434
            ],
            [
              -77.4660109,
              37.5303434
            ],
            [
              -77.4658595,
              37.530344
            ],
            [
              -77.4658565,
              37.5303439
            ],
            [
              -77.4655865,
              37.5303261
            ],
            [
              -77.4655834,
              37.5303258
            ],
            [
              -77.4653874,
              37.5302986
            ],
            [
              -77.4653864,
              37.5302985
            ],
            [
              -77.4652605,
              37.530278
            ],
            [
              -77.465259,
              37.5302777
            ],
            [
              -77.4650878,
              37.5302433
            ],
            [
              -77.4650867,
              37.5302431
            ],
            [
              -77.4648925,
              37.5301992
            ],
            [
              -77.4646984,
              37.530152
            ],
            [
              -77.464241,
              37.5300414
            ],
            [
              -77.4636859,
              37.5299159
            ],
            [
              -77.4631748,
              37.5298265
            ],
            [
              -77.4631738,
              37.5298263
            ],
            [
              -77.4628038,
              37.5297707
            ],
            [
              -77.4628031,
              37.5297706
            ],
            [
              -77.4623173,
              37.5297067
            ],
            [
              -77.4623164,
              37.5297066
            ],
            [
              -77.4622056,
              37.5296942
            ],
            [
              -77.4617556,
              37.5296727
            ],
            [
              -77.461692,
              37.5296749
            ],
            [
              -77.4616005,
              37.529678
            ],
            [
              -77.4612246,
              37.5297231
            ],
            [
              -77.4610279,
              37.5297656
            ],
            [
              -77.4606978,
              37.5298739
            ],
            [
              -77.4604903,
              37.5299682
            ],
            [
              -77.4602061,
              37.5301406
            ],
            [
              -77.4600368,
              37.5302739
            ],
            [
              -77.4598152,
              37.5305013
            ],
            [
              -77.4598069,
              37.5305117
            ],
            [
              -77.4595964,
              37.5308199
            ],
            [
              -77.4595213,
              37.5309554
            ],
            [
              -77.4594351,
              37.5311056
            ],
            [
              -77.4592644,
              37.5313886
            ],
            [
              -77.4592627,
              37.5313911
            ],
            [
              -77.4590658,
              37.5316479
            ],
            [
              -77.4590631,
              37.531651
            ],
            [
              -77.4588472,
              37.531862
            ],
            [
              -77.4588439,
              37.5318649
            ],
            [
              -77.4585584,
              37.5320742
            ],
            [
              -77.4585543,
              37.5320768
            ],
            [
              -77.4581942,
              37.5322706
            ],
            [
              -77.458191,
              37.5322722
            ],
            [
              -77.4579365,
              37.5323785
            ],
            [
              -77.4579346,
              37.5323792
            ],
            [
              -77.4577576,
              37.5324427
            ],
            [
              -77.4566692,
              37.5328384
            ],
            [
              -77.4563942,
              37.532949
            ],
            [
              -77.456201,
              37.5330382
            ],
            [
              -77.455938,
              37.5331739
            ],
            [
              -77.4557191,
              37.533298
            ],
            [
              -77.4555193,
              37.5334232
            ],
            [
              -77.4552943,
              37.5335634
            ],
            [
              -77.454905,
              37.5338143
            ],
            [
              -77.454657,
              37.5339709
            ],
            [
              -77.4545598,
              37.5340323
            ],
            [
              -77.4545587,
              37.534033
            ],
            [
              -77.4544069,
              37.5341213
            ],
            [
              -77.4544055,
              37.534122
            ],
            [
              -77.454229,
              37.5342146
            ],
            [
              -77.4542271,
              37.5342155
            ],
            [
              -77.4540179,
              37.5343102
            ],
            [
              -77.4540166,
              37.5343108
            ],
            [
              -77.4538601,
              37.5343748
            ],
            [
              -77.4538577,
              37.5343757
            ],
            [
              -77.4536985,
              37.5344289
            ],
            [
              -77.4536972,
              37.5344293
            ],
            [
              -77.4535139,
              37.534484
            ],
            [
              -77.4535118,
              37.5344846
            ],
            [
              -77.4533403,
              37.5345259
            ],
            [
              -77.4533389,
              37.5345262
            ],
            [
              -77.4531591,
              37.5345628
            ],
            [
              -77.453157,
              37.5345632
            ],
            [
              -77.4531376,
              37.5345661
            ],
            [
              -77.4531387,
              37.5345378
            ],
            [
              -77.4531438,
              37.534414
            ],
            [
              -77.4528225,
              37.5344517
            ],
            [
              -77.4510721,
              37.5345783
            ],
            [
              -77.4509768,
              37.5345839
            ],
            [
              -77.4509563,
              37.5345153
            ],
            [
              -77.4509321,
              37.5344345
            ],
            [
              -77.4508844,
              37.5344345
            ],
            [
              -77.4507327,
              37.5344325
            ],
            [
              -77.450581,
              37.5344284
            ],
            [
              -77.4497502,
              37.5344005
            ],
            [
              -77.4495399,
              37.5343917
            ],
            [
              -77.4492883,
              37.5343785
            ],
            [
              -77.4490372,
              37.5343619
            ],
            [
              -77.4489477,
              37.5343714
            ],
            [
              -77.4489499,
              37.5343436
            ],
            [
              -77.44895,
              37.5343417
            ],
            [
              -77.4489525,
              37.5343092
            ],
            [
              -77.4489565,
              37.5342569
            ],
            [
              -77.4489567,
              37.5342544
            ],
            [
              -77.4489427,
              37.5342572
            ],
            [
              -77.4489431,
              37.534252
            ],
            [
              -77.4489442,
              37.534242
            ],
            [
              -77.4489533,
              37.5341561
            ],
            [
              -77.4489533,
              37.534156
            ],
            [
              -77.448631,
              37.5342376
            ],
            [
              -77.4486072,
              37.534231
            ],
            [
              -77.4483375,
              37.5342287
            ],
            [
              -77.4480753,
              37.5342579
            ],
            [
              -77.4478769,
              37.5342562
            ],
            [
              -77.4476862,
              37.5342797
            ],
            [
              -77.4475112,
              37.5343098
            ],
            [
              -77.4474317,
              37.5343217
            ],
            [
              -77.4472571,
              37.5343265
            ],
            [
              -77.4471855,
              37.5343385
            ],
            [
              -77.4470504,
              37.5343562
            ],
            [
              -77.44686,
              37.5343482
            ],
            [
              -77.4467018,
              37.5343152
            ],
            [
              -77.4465194,
              37.5343136
            ],
            [
              -77.4465192,
              37.5343262
            ],
            [
              -77.4462655,
              37.5343114
            ],
            [
              -77.4462632,
              37.5343119
            ],
            [
              -77.4462415,
              37.5343175
            ],
            [
              -77.4461038,
              37.5343527
            ],
            [
              -77.4460705,
              37.5343612
            ],
            [
              -77.4460505,
              37.5343663
            ],
            [
              -77.4458126,
              37.5343579
            ],
            [
              -77.4456694,
              37.5343819
            ],
            [
              -77.4455577,
              37.5344251
            ],
            [
              -77.4454062,
              37.5344806
            ],
            [
              -77.4453351,
              37.534461
            ],
            [
              -77.4452636,
              37.5344667
            ],
            [
              -77.4452392,
              37.5345044
            ],
            [
              -77.4451122,
              37.5345096
            ],
            [
              -77.4450481,
              37.5345533
            ],
            [
              -77.4450158,
              37.5345972
            ],
            [
              -77.4449906,
              37.5346918
            ],
            [
              -77.44492,
              37.5348128
            ],
            [
              -77.444914,
              37.534801
            ],
            [
              -77.4448989,
              37.5348068
            ],
            [
              -77.444883,
              37.5348129
            ],
            [
              -77.4448754,
              37.5348158
            ],
            [
              -77.4446938,
              37.534513
            ],
            [
              -77.4446255,
              37.5345389
            ],
            [
              -77.444618,
              37.5345261
            ],
            [
              -77.4446179,
              37.534526
            ],
            [
              -77.4446174,
              37.5345384
            ],
            [
              -77.4445922,
              37.5345482
            ],
            [
              -77.444594,
              37.5345509
            ],
            [
              -77.4445969,
              37.5345557
            ],
            [
              -77.4443813,
              37.5346385
            ],
            [
              -77.4444,
              37.5346755
            ],
            [
              -77.4443878,
              37.534679
            ],
            [
              -77.444368,
              37.5346847
            ],
            [
              -77.4442543,
              37.5347174
            ],
            [
              -77.4440767,
              37.5347684
            ],
            [
              -77.4439588,
              37.5347841
            ],
            [
              -77.4439011,
              37.5347918
            ],
            [
              -77.44362,
              37.5348293
            ],
            [
              -77.4433543,
              37.534818
            ],
            [
              -77.4434038,
              37.5349699
            ],
            [
              -77.4434805,
              37.5352049
            ],
            [
              -77.4434902,
              37.5352348
            ],
            [
              -77.4435019,
              37.5352707
            ],
            [
              -77.4435033,
              37.5352749
            ],
            [
              -77.4435063,
              37.535284
            ],
            [
              -77.4435167,
              37.5353159
            ],
            [
              -77.4435308,
              37.5353591
            ],
            [
              -77.4435317,
              37.5353619
            ],
            [
              -77.4435384,
              37.5353826
            ],
            [
              -77.4435385,
              37.5353829
            ],
            [
              -77.4435542,
              37.5354311
            ],
            [
              -77.4435582,
              37.5354561
            ],
            [
              -77.4435616,
              37.5354773
            ],
            [
              -77.4435958,
              37.5356918
            ],
            [
              -77.4436108,
              37.5357859
            ],
            [
              -77.4436286,
              37.5358976
            ],
            [
              -77.4436378,
              37.5359693
            ],
            [
              -77.4436425,
              37.5360412
            ],
            [
              -77.4436429,
              37.5361132
            ],
            [
              -77.4436388,
              37.5361851
            ],
            [
              -77.4436385,
              37.5361885
            ],
            [
              -77.4436304,
              37.5362557
            ],
            [
              -77.4436146,
              37.5363408
            ],
            [
              -77.4435924,
              37.5364251
            ],
            [
              -77.4435642,
              37.5365082
            ],
            [
              -77.4435298,
              37.5365898
            ],
            [
              -77.4435135,
              37.5366239
            ],
            [
              -77.4435033,
              37.536644
            ],
            [
              -77.4434855,
              37.5366772
            ],
            [
              -77.4434824,
              37.5366826
            ],
            [
              -77.4434819,
              37.5366836
            ],
            [
              -77.4434806,
              37.5366858
            ],
            [
              -77.4434794,
              37.536688
            ],
            [
              -77.4434782,
              37.5366901
            ],
            [
              -77.443477,
              37.5366923
            ],
            [
              -77.4434757,
              37.5366944
            ],
            [
              -77.4434745,
              37.5366966
            ],
            [
              -77.4434726,
              37.5366998
            ],
            [
              -77.4434707,
              37.536703
            ],
            [
              -77.4434686,
              37.5367067
            ],
            [
              -77.4433952,
              37.5368185
            ],
            [
              -77.44331,
              37.5369249
            ],
            [
              -77.4432778,
              37.5369605
            ],
            [
              -77.4432504,
              37.5369897
            ],
            [
              -77.4428627,
              37.5374041
            ],
            [
              -77.4427388,
              37.5375365
            ],
            [
              -77.4426985,
              37.5375797
            ],
            [
              -77.442516,
              37.5377747
            ],
            [
              -77.4425142,
              37.5377766
            ],
            [
              -77.4424997,
              37.5377914
            ],
            [
              -77.4424888,
              37.5378021
            ],
            [
              -77.4424562,
              37.5378343
            ],
            [
              -77.4427795,
              37.5380308
            ],
            [
              -77.4430881,
              37.5382184
            ],
            [
              -77.4432148,
              37.5383043
            ],
            [
              -77.4432153,
              37.5383037
            ],
            [
              -77.4432198,
              37.5382989
            ],
            [
              -77.443223,
              37.5382956
            ],
            [
              -77.4432365,
              37.5383035
            ],
            [
              -77.4432545,
              37.5383142
            ],
            [
              -77.4432488,
              37.5383202
            ],
            [
              -77.4432447,
              37.5383246
            ],
            [
              -77.4432124,
              37.5383635
            ],
            [
              -77.4432158,
              37.5383662
            ],
            [
              -77.4431753,
              37.5384083
            ],
            [
              -77.4431018,
              37.5384866
            ],
            [
              -77.4429898,
              37.538603
            ],
            [
              -77.4429548,
              37.5386371
            ],
            [
              -77.4428498,
              37.5387474
            ],
            [
              -77.442737,
              37.538864
            ],
            [
              -77.4426553,
              37.5387984
            ],
            [
              -77.4424097,
              37.5390619
            ],
            [
              -77.4422716,
              37.5392066
            ],
            [
              -77.4415891,
              37.539922
            ],
            [
              -77.4408774,
              37.5394919
            ],
            [
              -77.440816,
              37.5394533
            ],
            [
              -77.4407003,
              37.5395712
            ],
            [
              -77.440666,
              37.5395578
            ],
            [
              -77.4406357,
              37.5395825
            ],
            [
              -77.4405479,
              37.5395339
            ],
            [
              -77.4404064,
              37.5394491
            ],
            [
              -77.440357,
              37.5394195
            ],
            [
              -77.4402962,
              37.5393831
            ],
            [
              -77.4401925,
              37.539321
            ],
            [
              -77.4401896,
              37.5393193
            ],
            [
              -77.4401592,
              37.5393011
            ],
            [
              -77.4398352,
              37.539107
            ],
            [
              -77.4398324,
              37.5391054
            ],
            [
              -77.4398285,
              37.539103
            ],
            [
              -77.4391588,
              37.5398131
            ],
            [
              -77.4390226,
              37.5399558
            ],
            [
              -77.4389378,
              37.539907
            ],
            [
              -77.4388468,
              37.5398611
            ],
            [
              -77.4381308,
              37.5394255
            ],
            [
              -77.4381085,
              37.5394498
            ],
            [
              -77.4379263,
              37.5393435
            ],
            [
              -77.4376271,
              37.539663
            ],
            [
              -77.4372684,
              37.5394509
            ],
            [
              -77.4370995,
              37.5393511
            ],
            [
              -77.4370563,
              37.5393975
            ],
            [
              -77.4370255,
              37.5394303
            ],
            [
              -77.4369935,
              37.5394645
            ],
            [
              -77.4369615,
              37.5394987
            ],
            [
              -77.4369376,
              37.5395241
            ],
            [
              -77.4368757,
              37.5395901
            ],
            [
              -77.4368449,
              37.5396231
            ],
            [
              -77.436814,
              37.539656
            ],
            [
              -77.4367832,
              37.5396889
            ],
            [
              -77.4367451,
              37.5397295
            ],
            [
              -77.4365528,
              37.5396108
            ],
            [
              -77.436366,
              37.5394908
            ],
            [
              -77.4356559,
              37.53905
            ],
            [
              -77.435624,
              37.5390874
            ],
            [
              -77.4356133,
              37.5390999
            ],
            [
              -77.435432,
              37.5389998
            ],
            [
              -77.4354433,
              37.5389877
            ],
            [
              -77.4354317,
              37.5389997
            ],
            [
              -77.4356724,
              37.5387445
            ],
            [
              -77.4355728,
              37.5386851
            ],
            [
              -77.4348914,
              37.5382787
            ],
            [
              -77.4348602,
              37.5382601
            ],
            [
              -77.4346797,
              37.5381524
            ],
            [
              -77.4340305,
              37.5377651
            ],
            [
              -77.4339684,
              37.5377281
            ],
            [
              -77.4339671,
              37.5377273
            ],
            [
              -77.4339505,
              37.5377482
            ],
            [
              -77.4339272,
              37.5377577
            ],
            [
              -77.4338768,
              37.5377624
            ],
            [
              -77.4337203,
              37.537778
            ],
            [
              -77.4336214,
              37.5377942
            ],
            [
              -77.4335664,
              37.5378055
            ],
            [
              -77.4335422,
              37.5378024
            ],
            [
              -77.4334986,
              37.5377931
            ],
            [
              -77.4334475,
              37.5377926
            ],
            [
              -77.4333794,
              37.5378002
            ],
            [
              -77.4333398,
              37.5378376
            ],
            [
              -77.4333271,
              37.5378797
            ],
            [
              -77.4333416,
              37.5379102
            ],
            [
              -77.4333374,
              37.537942
            ],
            [
              -77.4333323,
              37.5379739
            ],
            [
              -77.4333263,
              37.5380034
            ],
            [
              -77.4332828,
              37.538052
            ],
            [
              -77.4332204,
              37.5381196
            ],
            [
              -77.432992,
              37.5383479
            ],
            [
              -77.4329771,
              37.538353
            ],
            [
              -77.4329567,
              37.5383476
            ],
            [
              -77.4329087,
              37.538319
            ],
            [
              -77.4326109,
              37.5381423
            ],
            [
              -77.4327099,
              37.5380364
            ],
            [
              -77.4324307,
              37.5378755
            ],
            [
              -77.4324196,
              37.5378858
            ],
            [
              -77.4323859,
              37.5379172
            ],
            [
              -77.4322788,
              37.5378649
            ],
            [
              -77.4322696,
              37.5378604
            ],
            [
              -77.4322665,
              37.5378596
            ],
            [
              -77.4322366,
              37.5378516
            ],
            [
              -77.432133,
              37.5378239
            ],
            [
              -77.4321309,
              37.5378234
            ],
            [
              -77.4320935,
              37.5378134
            ],
            [
              -77.4320402,
              37.5377991
            ],
            [
              -77.4320108,
              37.5377913
            ],
            [
              -77.4319751,
              37.5377817
            ],
            [
              -77.4319587,
              37.5377774
            ],
            [
              -77.4319427,
              37.5378151
            ],
            [
              -77.4318052,
              37.5381315
            ],
            [
              -77.4310467,
              37.5379378
            ],
            [
              -77.4309473,
              37.5379124
            ],
            [
              -77.4307122,
              37.5378523
            ],
            [
              -77.430451,
              37.5377513
            ],
            [
              -77.4299197,
              37.5375265
            ],
            [
              -77.4298906,
              37.5375524
            ],
            [
              -77.4298543,
              37.5375821
            ],
            [
              -77.4298473,
              37.5375876
            ],
            [
              -77.4298169,
              37.5376119
            ],
            [
              -77.429787,
              37.5376375
            ],
            [
              -77.4297623,
              37.5376597
            ],
            [
              -77.4297312,
              37.5376896
            ],
            [
              -77.4297013,
              37.5377204
            ],
            [
              -77.4295221,
              37.5379117
            ],
            [
              -77.4294883,
              37.5379505
            ],
            [
              -77.4279691,
              37.5371292
            ],
            [
              -77.4278427,
              37.5372846
            ],
            [
              -77.4275951,
              37.5375348
            ],
            [
              -77.4276599,
              37.5375748
            ],
            [
              -77.4276892,
              37.5375928
            ],
            [
              -77.4276947,
              37.5375963
            ],
            [
              -77.4272899,
              37.5380586
            ],
            [
              -77.4268962,
              37.5384527
            ],
            [
              -77.4268181,
              37.5384052
            ],
            [
              -77.4268011,
              37.5383949
            ],
            [
              -77.4263349,
              37.5388834
            ],
            [
              -77.42633,
              37.5388872
            ],
            [
              -77.4262588,
              37.5389417
            ],
            [
              -77.4261243,
              37.5389079
            ],
            [
              -77.4260286,
              37.5388838
            ],
            [
              -77.4259343,
              37.5388601
            ],
            [
              -77.4259216,
              37.5390135
            ],
            [
              -77.4258939,
              37.5393456
            ],
            [
              -77.4258907,
              37.5393845
            ],
            [
              -77.4258889,
              37.5394025
            ],
            [
              -77.4258852,
              37.539439
            ],
            [
              -77.4258851,
              37.539439
            ],
            [
              -77.425882,
              37.5394397
            ],
            [
              -77.4258368,
              37.5394479
            ],
            [
              -77.4258225,
              37.5394502
            ],
            [
              -77.4257787,
              37.5394565
            ],
            [
              -77.4257526,
              37.5394596
            ],
            [
              -77.4257054,
              37.5394641
            ],
            [
              -77.425697,
              37.5394648
            ],
            [
              -77.4256969,
              37.5394648
            ],
            [
              -77.4256693,
              37.5394666
            ],
            [
              -77.4256116,
              37.5394689
            ],
            [
              -77.4255857,
              37.5394692
            ],
            [
              -77.4255594,
              37.5394691
            ],
            [
              -77.4254733,
              37.5394657
            ],
            [
              -77.4253877,
              37.5394577
            ],
            [
              -77.4252052,
              37.5394474
            ],
            [
              -77.4251958,
              37.5395527
            ],
            [
              -77.4251188,
              37.5398719
            ],
            [
              -77.4251541,
              37.5403035
            ],
            [
              -77.4251675,
              37.5408894
            ],
            [
              -77.4252012,
              37.5419599
            ],
            [
              -77.4250938,
              37.5419555
            ],
            [
              -77.4251285,
              37.5422106
            ],
            [
              -77.4251629,
              37.5423609
            ],
            [
              -77.4252352,
              37.5426761
            ],
            [
              -77.4254492,
              37.5434424
            ],
            [
              -77.4254889,
              37.5436306
            ],
            [
              -77.4254928,
              37.5436577
            ],
            [
              -77.4255558,
              37.5440931
            ],
            [
              -77.4255799,
              37.5444013
            ],
            [
              -77.4255687,
              37.5448035
            ],
            [
              -77.4254828,
              37.5457843
            ],
            [
              -77.4254074,
              37.546738
            ],
            [
              -77.425267,
              37.5490509
            ],
            [
              -77.4252035,
              37.5493868
            ],
            [
              -77.4249654,
              37.55012
            ],
            [
              -77.4248243,
              37.5505768
            ],
            [
              -77.424805,
              37.5507215
            ],
            [
              -77.4243237,
              37.5506413
            ],
            [
              -77.4242903,
              37.5507683
            ],
            [
              -77.4242948,
              37.5508038
            ],
            [
              -77.4244515,
              37.5520373
            ],
            [
              -77.4245898,
              37.5532264
            ],
            [
              -77.424597,
              37.5536338
            ],
            [
              -77.4245973,
              37.5536501
            ],
            [
              -77.4245715,
              37.5537422
            ],
            [
              -77.4245438,
              37.5538339
            ],
            [
              -77.424514,
              37.5539253
            ],
            [
              -77.4244822,
              37.5540162
            ],
            [
              -77.4244484,
              37.5541067
            ],
            [
              -77.4244127,
              37.5541967
            ],
            [
              -77.424375,
              37.5542862
            ],
            [
              -77.4243353,
              37.5543751
            ],
            [
              -77.4242937,
              37.5544635
            ],
            [
              -77.4242501,
              37.5545512
            ],
            [
              -77.4242047,
              37.5546384
            ],
            [
              -77.4241573,
              37.5547249
            ],
            [
              -77.424108,
              37.5548108
            ],
            [
              -77.4240569,
              37.5548959
            ],
            [
              -77.4240039,
              37.5549803
            ],
            [
              -77.4239491,
              37.555064
            ],
            [
              -77.4238924,
              37.5551469
            ],
            [
              -77.4238339,
              37.555229
            ],
            [
              -77.4237737,
              37.5553103
            ],
            [
              -77.4237116,
              37.5553907
            ],
            [
              -77.4236479,
              37.5554703
            ],
            [
              -77.4235823,
              37.5555489
            ],
            [
              -77.4235151,
              37.5556267
            ],
            [
              -77.4234363,
              37.5557188
            ],
            [
              -77.4233731,
              37.5557958
            ],
            [
              -77.4229642,
              37.5561615
            ],
            [
              -77.4226602,
              37.5564354
            ],
            [
              -77.4220415,
              37.5569929
            ],
            [
              -77.4214648,
              37.5575143
            ],
            [
              -77.420839,
              37.5580902
            ],
            [
              -77.4205068,
              37.5583948
            ],
            [
              -77.4192725,
              37.5595384
            ],
            [
              -77.4179823,
              37.5607283
            ],
            [
              -77.4177026,
              37.560986
            ],
            [
              -77.4171641,
              37.5614837
            ],
            [
              -77.4166116,
              37.5619916
            ],
            [
              -77.4157479,
              37.5627884
            ],
            [
              -77.4154337,
              37.5630238
            ],
            [
              -77.4152387,
              37.5629273
            ],
            [
              -77.4150699,
              37.5632733
            ],
            [
              -77.4147823,
              37.5636457
            ],
            [
              -77.4146822,
              37.5637512
            ],
            [
              -77.4143678,
              37.5639104
            ],
            [
              -77.4140489,
              37.5640636
            ],
            [
              -77.4137255,
              37.5642108
            ],
            [
              -77.4133978,
              37.5643519
            ],
            [
              -77.413066,
              37.5644868
            ],
            [
              -77.4128055,
              37.5645867
            ],
            [
              -77.4127304,
              37.5646155
            ],
            [
              -77.4124401,
              37.5647301
            ],
            [
              -77.4121525,
              37.564849
            ],
            [
              -77.4118677,
              37.5649721
            ],
            [
              -77.4115859,
              37.5650994
            ],
            [
              -77.4114377,
              37.565188
            ],
            [
              -77.4112942,
              37.5652814
            ],
            [
              -77.4111557,
              37.5653795
            ],
            [
              -77.4110225,
              37.5654821
            ],
            [
              -77.4108947,
              37.5655889
            ],
            [
              -77.4107727,
              37.5656999
            ],
            [
              -77.4106565,
              37.5658149
            ],
            [
              -77.4105464,
              37.5659335
            ],
            [
              -77.4104425,
              37.5660557
            ],
            [
              -77.4103452,
              37.5661813
            ],
            [
              -77.4102544,
              37.5663099
            ],
            [
              -77.4101705,
              37.5664414
            ],
            [
              -77.4100934,
              37.5665756
            ],
            [
              -77.4100235,
              37.5667122
            ],
            [
              -77.4100037,
              37.5667545
            ],
            [
              -77.4099842,
              37.5667968
            ],
            [
              -77.4099151,
              37.5669523
            ],
            [
              -77.4098495,
              37.5671089
            ],
            [
              -77.4098186,
              37.5671872
            ],
            [
              -77.4097841,
              37.567275
            ],
            [
              -77.4097226,
              37.567442
            ],
            [
              -77.4097058,
              37.5674898
            ],
            [
              -77.4096893,
              37.5675376
            ],
            [
              -77.4096654,
              37.5676088
            ],
            [
              -77.4096422,
              37.5676801
            ],
            [
              -77.4095733,
              37.5679079
            ],
            [
              -77.4095116,
              37.5681371
            ],
            [
              -77.4095425,
              37.5681422
            ],
            [
              -77.4095306,
              37.5682462
            ],
            [
              -77.4095223,
              37.5683367
            ],
            [
              -77.409516,
              37.5684274
            ],
            [
              -77.4095117,
              37.5685182
            ],
            [
              -77.4095093,
              37.568609
            ],
            [
              -77.409509,
              37.5686998
            ],
            [
              -77.4095106,
              37.5687907
            ],
            [
              -77.4095143,
              37.5688814
            ],
            [
              -77.4095199,
              37.5689722
            ],
            [
              -77.4095275,
              37.5690628
            ],
            [
              -77.4095371,
              37.5691533
            ],
            [
              -77.4095487,
              37.5692437
            ],
            [
              -77.4095623,
              37.5693338
            ],
            [
              -77.4095778,
              37.5694238
            ],
            [
              -77.4095953,
              37.5695136
            ],
            [
              -77.4096148,
              37.5696031
            ],
            [
              -77.4096362,
              37.5696923
            ],
            [
              -77.4096596,
              37.5697812
            ],
            [
              -77.4096849,
              37.5698697
            ],
            [
              -77.4097094,
              37.5699585
            ],
            [
              -77.4096783,
              37.5699651
            ],
            [
              -77.4099185,
              37.5710226
            ],
            [
              -77.4099245,
              37.5710571
            ],
            [
              -77.4099432,
              37.5711648
            ],
            [
              -77.4099728,
              37.5712921
            ],
            [
              -77.409976,
              37.5713059
            ],
            [
              -77.4099874,
              37.5713447
            ],
            [
              -77.4100169,
              37.5714457
            ],
            [
              -77.4100249,
              37.5714685
            ],
            [
              -77.4100657,
              37.5715839
            ],
            [
              -77.4100691,
              37.5715921
            ],
            [
              -77.4100888,
              37.5716396
            ],
            [
              -77.4101223,
              37.5717202
            ],
            [
              -77.4101257,
              37.5717273
            ],
            [
              -77.4101516,
              37.5717813
            ],
            [
              -77.4101774,
              37.5718352
            ],
            [
              -77.4101866,
              37.5718543
            ],
            [
              -77.410206,
              37.5718897
            ],
            [
              -77.4102416,
              37.5719549
            ],
            [
              -77.4102585,
              37.5719859
            ],
            [
              -77.4102716,
              37.572007
            ],
            [
              -77.4103066,
              37.572064
            ],
            [
              -77.4103379,
              37.5721148
            ],
            [
              -77.4103594,
              37.5721456
            ],
            [
              -77.4104085,
              37.5722159
            ],
            [
              -77.4105999,
              37.57249
            ],
            [
              -77.4106014,
              37.5724922
            ],
            [
              -77.4106024,
              37.5724936
            ],
            [
              -77.4107091,
              37.5726463
            ],
            [
              -77.4107699,
              37.5727334
            ],
            [
              -77.410868,
              37.5728689
            ],
            [
              -77.4109762,
              37.5730223
            ],
            [
              -77.4110777,
              37.5731633
            ],
            [
              -77.4111758,
              37.5733002
            ],
            [
              -77.4112806,
              37.5734474
            ],
            [
              -77.4113821,
              37.5735918
            ],
            [
              -77.4114359,
              37.5736681
            ],
            [
              -77.4114472,
              37.5736841
            ],
            [
              -77.4114903,
              37.5737452
            ],
            [
              -77.4115884,
              37.5738807
            ],
            [
              -77.411744,
              37.5740978
            ],
            [
              -77.4119334,
              37.5743632
            ],
            [
              -77.412028,
              37.5745034
            ],
            [
              -77.4121192,
              37.5746361
            ],
            [
              -77.4121835,
              37.5747259
            ],
            [
              -77.4124099,
              37.5750549
            ],
            [
              -77.4126161,
              37.5753554
            ],
            [
              -77.4128831,
              37.575741
            ],
            [
              -77.4129895,
              37.5758916
            ],
            [
              -77.4130885,
              37.5760453
            ],
            [
              -77.4131799,
              37.576202
            ],
            [
              -77.4132636,
              37.5763613
            ],
            [
              -77.4132641,
              37.5763624
            ],
            [
              -77.4133395,
              37.5765231
            ],
            [
              -77.4134074,
              37.5766872
            ],
            [
              -77.413462,
              37.5768385
            ],
            [
              -77.4134635,
              37.5768427
            ],
            [
              -77.4134673,
              37.5768532
            ],
            [
              -77.4134884,
              37.5769217
            ],
            [
              -77.4134911,
              37.5769304
            ],
            [
              -77.4135097,
              37.5769908
            ],
            [
              -77.413519,
              37.577021
            ],
            [
              -77.4135625,
              37.5771902
            ],
            [
              -77.4135702,
              37.5772273
            ],
            [
              -77.4135704,
              37.5772284
            ],
            [
              -77.4135875,
              37.5773111
            ],
            [
              -77.4135978,
              37.5773606
            ],
            [
              -77.4136185,
              37.5774927
            ],
            [
              -77.4136189,
              37.5774953
            ],
            [
              -77.4136247,
              37.577532
            ],
            [
              -77.4136432,
              37.5777041
            ],
            [
              -77.4136505,
              37.5778293
            ],
            [
              -77.4136533,
              37.5778767
            ],
            [
              -77.413655,
              37.5780494
            ],
            [
              -77.4136482,
              37.5782221
            ],
            [
              -77.4136331,
              37.5783944
            ],
            [
              -77.4136087,
              37.5785707
            ],
            [
              -77.4135872,
              37.578686
            ],
            [
              -77.4135776,
              37.5787369
            ],
            [
              -77.4135608,
              37.5788252
            ],
            [
              -77.4135605,
              37.578827
            ],
            [
              -77.4135368,
              37.5789511
            ],
            [
              -77.4135112,
              37.5790853
            ],
            [
              -77.4134807,
              37.5792449
            ],
            [
              -77.4134551,
              37.5793793
            ],
            [
              -77.4133664,
              37.579787
            ],
            [
              -77.4133185,
              37.5799964
            ],
            [
              -77.4134121,
              37.5800335
            ],
            [
              -77.4136084,
              37.5801113
            ],
            [
              -77.4139586,
              37.5802501
            ],
            [
              -77.4146077,
              37.5805107
            ],
            [
              -77.4145694,
              37.5806268
            ],
            [
              -77.4145654,
              37.5806391
            ],
            [
              -77.4145631,
              37.5806479
            ],
            [
              -77.4145544,
              37.5806816
            ],
            [
              -77.4145543,
              37.5806822
            ],
            [
              -77.4145829,
              37.5806899
            ],
            [
              -77.4146231,
              37.5807008
            ],
            [
              -77.4146661,
              37.5807124
            ],
            [
              -77.4147088,
              37.5807239
            ],
            [
              -77.4147129,
              37.580725
            ],
            [
              -77.4147361,
              37.5807313
            ],
            [
              -77.4147365,
              37.5807313
            ],
            [
              -77.4147366,
              37.5807306
            ],
            [
              -77.4148484,
              37.5807441
            ],
            [
              -77.4152385,
              37.5807888
            ],
            [
              -77.4152466,
              37.5807923
            ],
            [
              -77.4152821,
              37.5808077
            ],
            [
              -77.4153715,
              37.5808463
            ],
            [
              -77.4156235,
              37.5809545
            ],
            [
              -77.4157439,
              37.5810078
            ],
            [
              -77.4159517,
              37.5810956
            ],
            [
              -77.4161464,
              37.5811792
            ],
            [
              -77.4163356,
              37.5812605
            ],
            [
              -77.4165275,
              37.5813429
            ],
            [
              -77.4166699,
              37.5813966
            ],
            [
              -77.4166927,
              37.5814052
            ],
            [
              -77.4167175,
              37.5814145
            ],
            [
              -77.4167134,
              37.5814442
            ],
            [
              -77.4167131,
              37.5814465
            ],
            [
              -77.4167088,
              37.5814783
            ],
            [
              -77.4167036,
              37.5815164
            ],
            [
              -77.4167029,
              37.5815221
            ],
            [
              -77.4166996,
              37.5815458
            ],
            [
              -77.4166991,
              37.58155
            ],
            [
              -77.4167081,
              37.5815516
            ],
            [
              -77.4167506,
              37.5815591
            ],
            [
              -77.4167509,
              37.5815592
            ],
            [
              -77.4168014,
              37.5815681
            ],
            [
              -77.4168386,
              37.5815748
            ],
            [
              -77.4168409,
              37.5815752
            ],
            [
              -77.4168945,
              37.5815847
            ],
            [
              -77.4168695,
              37.5816791
            ],
            [
              -77.4168473,
              37.5817854
            ],
            [
              -77.416825,
              37.5818916
            ],
            [
              -77.4168905,
              37.5818991
            ],
            [
              -77.4169938,
              37.581913
            ],
            [
              -77.4170558,
              37.5819232
            ],
            [
              -77.4170799,
              37.5819269
            ],
            [
              -77.4170908,
              37.5819281
            ],
            [
              -77.4171291,
              37.5819324
            ],
            [
              -77.4171798,
              37.5819381
            ],
            [
              -77.4172246,
              37.581944
            ],
            [
              -77.4172625,
              37.5819491
            ],
            [
              -77.4173107,
              37.5819551
            ],
            [
              -77.4173934,
              37.5819654
            ],
            [
              -77.4174727,
              37.5819751
            ],
            [
              -77.4175485,
              37.581984
            ],
            [
              -77.4175726,
              37.5819877
            ],
            [
              -77.4176553,
              37.5819981
            ],
            [
              -77.4176597,
              37.5819987
            ],
            [
              -77.4176759,
              37.5820007
            ],
            [
              -77.4176923,
              37.5820028
            ],
            [
              -77.4179067,
              37.5820299
            ],
            [
              -77.4179048,
              37.5819727
            ],
            [
              -77.417904,
              37.5819503
            ],
            [
              -77.4179034,
              37.5819328
            ],
            [
              -77.4181089,
              37.5820192
            ],
            [
              -77.4182801,
              37.5820939
            ],
            [
              -77.418446,
              37.5821615
            ],
            [
              -77.4186422,
              37.5822416
            ],
            [
              -77.4187298,
              37.5822498
            ],
            [
              -77.4189828,
              37.5822517
            ],
            [
              -77.4191905,
              37.5822531
            ],
            [
              -77.4195417,
              37.5822553
            ],
            [
              -77.4197659,
              37.5822572
            ],
            [
              -77.4200079,
              37.5822589
            ],
            [
              -77.4202179,
              37.5823521
            ],
            [
              -77.4204589,
              37.58234
            ],
            [
              -77.4205396,
              37.5822626
            ],
            [
              -77.4210114,
              37.582266
            ],
            [
              -77.4210655,
              37.5822663
            ],
            [
              -77.4210793,
              37.5822664
            ],
            [
              -77.4211446,
              37.5822669
            ],
            [
              -77.4211506,
              37.582267
            ],
            [
              -77.4213444,
              37.5822683
            ],
            [
              -77.4213475,
              37.5822683
            ],
            [
              -77.4215314,
              37.5822696
            ],
            [
              -77.4215341,
              37.5822697
            ],
            [
              -77.4217278,
              37.582271
            ],
            [
              -77.4217306,
              37.582271
            ],
            [
              -77.4219037,
              37.5822723
            ],
            [
              -77.4219204,
              37.5822724
            ],
            [
              -77.4221176,
              37.5822738
            ],
            [
              -77.4221243,
              37.5822738
            ],
            [
              -77.4224043,
              37.5822758
            ],
            [
              -77.4224069,
              37.5822758
            ],
            [
              -77.422653,
              37.5822776
            ],
            [
              -77.4226629,
              37.5822776
            ],
            [
              -77.4231134,
              37.5822808
            ],
            [
              -77.4233188,
              37.5822206
            ],
            [
              -77.423844,
              37.5821814
            ],
            [
              -77.423958,
              37.5821728
            ],
            [
              -77.424262,
              37.5821508
            ],
            [
              -77.4244693,
              37.5821356
            ],
            [
              -77.4247526,
              37.5821141
            ],
            [
              -77.4249389,
              37.5821185
            ],
            [
              -77.4253338,
              37.5820884
            ],
            [
              -77.4253811,
              37.5820848
            ],
            [
              -77.4255297,
              37.5820738
            ],
            [
              -77.4255677,
              37.5820707
            ],
            [
              -77.4256999,
              37.5820606
            ],
            [
              -77.4257814,
              37.5820543
            ],
            [
              -77.4258406,
              37.5820498
            ],
            [
              -77.4259411,
              37.5820421
            ],
            [
              -77.4261337,
              37.5820275
            ],
            [
              -77.426155,
              37.5820259
            ],
            [
              -77.4263001,
              37.5820148
            ],
            [
              -77.4263955,
              37.5820074
            ],
            [
              -77.4264107,
              37.5820062
            ],
            [
              -77.4264917,
              37.582
            ],
            [
              -77.4265316,
              37.581997
            ],
            [
              -77.4265872,
              37.5819929
            ],
            [
              -77.4266145,
              37.5819909
            ],
            [
              -77.4266765,
              37.581986
            ],
            [
              -77.4267009,
              37.5819841
            ],
            [
              -77.4267776,
              37.5819785
            ],
            [
              -77.4268011,
              37.5819768
            ],
            [
              -77.4269091,
              37.5819683
            ],
            [
              -77.4269496,
              37.5819651
            ],
            [
              -77.4270542,
              37.5819573
            ],
            [
              -77.4271051,
              37.5819534
            ],
            [
              -77.4272273,
              37.5819443
            ],
            [
              -77.4272606,
              37.5819418
            ],
            [
              -77.4273728,
              37.581933
            ],
            [
              -77.4274091,
              37.5819301
            ],
            [
              -77.4276004,
              37.5819155
            ],
            [
              -77.4280621,
              37.5818804
            ],
            [
              -77.428096,
              37.5818784
            ],
            [
              -77.4282452,
              37.581869
            ],
            [
              -77.4285906,
              37.5818472
            ],
            [
              -77.429436,
              37.5818343
            ],
            [
              -77.4296553,
              37.581838
            ],
            [
              -77.429784,
              37.5818392
            ],
            [
              -77.4299569,
              37.5818098
            ],
            [
              -77.4299685,
              37.5818078
            ],
            [
              -77.4300356,
              37.5817998
            ],
            [
              -77.4300586,
              37.5817963
            ],
            [
              -77.4300816,
              37.5817925
            ],
            [
              -77.4301044,
              37.5817883
            ],
            [
              -77.4301272,
              37.5817838
            ],
            [
              -77.4301498,
              37.5817789
            ],
            [
              -77.4301723,
              37.5817737
            ],
            [
              -77.4301947,
              37.5817682
            ],
            [
              -77.430217,
              37.5817624
            ],
            [
              -77.4302391,
              37.5817562
            ],
            [
              -77.4302611,
              37.5817497
            ],
            [
              -77.4302843,
              37.5817424
            ],
            [
              -77.4303282,
              37.5817278
            ],
            [
              -77.4304175,
              37.5816915
            ],
            [
              -77.430503,
              37.58165
            ],
            [
              -77.4305842,
              37.5816033
            ],
            [
              -77.4306607,
              37.5815518
            ],
            [
              -77.4306646,
              37.5815487
            ],
            [
              -77.4306738,
              37.5815427
            ],
            [
              -77.4306777,
              37.5815401
            ],
            [
              -77.4306816,
              37.5815373
            ],
            [
              -77.4306855,
              37.5815346
            ],
            [
              -77.4306893,
              37.5815318
            ],
            [
              -77.4306931,
              37.581529
            ],
            [
              -77.4306969,
              37.5815262
            ],
            [
              -77.4307006,
              37.5815234
            ],
            [
              -77.4307044,
              37.5815205
            ],
            [
              -77.4307081,
              37.5815176
            ],
            [
              -77.4307117,
              37.5815147
            ],
            [
              -77.4307153,
              37.5815118
            ],
            [
              -77.4307189,
              37.5815088
            ],
            [
              -77.4307225,
              37.5815058
            ],
            [
              -77.430726,
              37.5815028
            ],
            [
              -77.4307296,
              37.5814998
            ],
            [
              -77.430733,
              37.5814967
            ],
            [
              -77.4307365,
              37.5814937
            ],
            [
              -77.4307399,
              37.5814906
            ],
            [
              -77.4307433,
              37.5814875
            ],
            [
              -77.4307466,
              37.5814843
            ],
            [
              -77.4307499,
              37.5814811
            ],
            [
              -77.4307532,
              37.581478
            ],
            [
              -77.4307564,
              37.5814747
            ],
            [
              -77.4307597,
              37.5814715
            ],
            [
              -77.4307632,
              37.5814673
            ],
            [
              -77.4307978,
              37.5814357
            ],
            [
              -77.4308303,
              37.5814009
            ],
            [
              -77.4308576,
              37.5813717
            ],
            [
              -77.430911,
              37.5813042
            ],
            [
              -77.4309218,
              37.581288
            ],
            [
              -77.4309579,
              37.5812337
            ],
            [
              -77.4309978,
              37.5811606
            ],
            [
              -77.4310109,
              37.581136
            ],
            [
              -77.4310203,
              37.5811174
            ],
            [
              -77.4310304,
              37.5810966
            ],
            [
              -77.4310416,
              37.5810723
            ],
            [
              -77.4311918,
              37.5807022
            ],
            [
              -77.43138,
              37.5808179
            ],
            [
              -77.4315066,
              37.5808932
            ],
            [
              -77.4317084,
              37.5810172
            ],
            [
              -77.4318726,
              37.5811189
            ],
            [
              -77.4320437,
              37.5812242
            ],
            [
              -77.432249,
              37.5813517
            ],
            [
              -77.4323824,
              37.5814325
            ],
            [
              -77.4325432,
              37.5815335
            ],
            [
              -77.4327074,
              37.5816353
            ],
            [
              -77.4328682,
              37.5817328
            ],
            [
              -77.4330221,
              37.5818276
            ],
            [
              -77.4331795,
              37.5819258
            ],
            [
              -77.4333437,
              37.5820282
            ],
            [
              -77.4335216,
              37.582139
            ],
            [
              -77.4336619,
              37.5822254
            ],
            [
              -77.4338812,
              37.5823529
            ],
            [
              -77.4338946,
              37.5823607
            ],
            [
              -77.4340433,
              37.5824478
            ],
            [
              -77.4340589,
              37.582457
            ],
            [
              -77.4342099,
              37.5825442
            ],
            [
              -77.4342266,
              37.5825539
            ],
            [
              -77.4343853,
              37.5826458
            ],
            [
              -77.4343877,
              37.5826471
            ],
            [
              -77.4343944,
              37.5826509
            ],
            [
              -77.4345528,
              37.5827411
            ],
            [
              -77.4347219,
              37.5828381
            ],
            [
              -77.4347299,
              37.5828427
            ],
            [
              -77.4348634,
              37.5829174
            ],
            [
              -77.4348908,
              37.5829334
            ],
            [
              -77.4350585,
              37.5830303
            ],
            [
              -77.4352263,
              37.5831259
            ],
            [
              -77.4353906,
              37.5832208
            ],
            [
              -77.4355583,
              37.5833164
            ],
            [
              -77.4357399,
              37.5834134
            ],
            [
              -77.4357893,
              37.5834403
            ],
            [
              -77.4357419,
              37.5835943
            ],
            [
              -77.4357317,
              37.5836296
            ],
            [
              -77.4357285,
              37.5836408
            ],
            [
              -77.4357652,
              37.5836493
            ],
            [
              -77.4357984,
              37.583657
            ],
            [
              -77.4358005,
              37.5836575
            ],
            [
              -77.4358743,
              37.5836745
            ],
            [
              -77.4358742,
              37.5836749
            ],
            [
              -77.4362942,
              37.5837528
            ],
            [
              -77.4362979,
              37.5837302
            ],
            [
              -77.4366437,
              37.583932
            ],
            [
              -77.4365534,
              37.5840739
            ],
            [
              -77.4365619,
              37.5843171
            ],
            [
              -77.4365725,
              37.584317
            ],
            [
              -77.4365943,
              37.5843169
            ],
            [
              -77.436595,
              37.5843169
            ],
            [
              -77.4366368,
              37.5843166
            ],
            [
              -77.4366883,
              37.5843163
            ],
            [
              -77.4366905,
              37.5843163
            ],
            [
              -77.4367177,
              37.5843161
            ],
            [
              -77.4367296,
              37.584316
            ],
            [
              -77.4367305,
              37.5843781
            ],
            [
              -77.4372208,
              37.584364
            ],
            [
              -77.437222,
              37.5845253
            ],
            [
              -77.437223,
              37.5846956
            ],
            [
              -77.4374027,
              37.5846918
            ],
            [
              -77.4374267,
              37.5846913
            ],
            [
              -77.4374371,
              37.5846911
            ],
            [
              -77.4376029,
              37.5846878
            ],
            [
              -77.4376442,
              37.584687
            ],
            [
              -77.4376475,
              37.584687
            ],
            [
              -77.4378325,
              37.5846834
            ],
            [
              -77.4378471,
              37.5849154
            ],
            [
              -77.4379031,
              37.5849141
            ],
            [
              -77.4379493,
              37.5849129
            ],
            [
              -77.4379494,
              37.5849151
            ],
            [
              -77.437951,
              37.5849558
            ],
            [
              -77.4379512,
              37.5849591
            ],
            [
              -77.4379697,
              37.5853423
            ],
            [
              -77.4380767,
              37.5853391
            ],
            [
              -77.4381078,
              37.5853387
            ],
            [
              -77.4381734,
              37.5853365
            ],
            [
              -77.4383771,
              37.5853315
            ],
            [
              -77.4384672,
              37.5853291
            ],
            [
              -77.4385877,
              37.5853258
            ],
            [
              -77.4387983,
              37.5853201
            ],
            [
              -77.4388812,
              37.5853168
            ],
            [
              -77.438977,
              37.585378
            ],
            [
              -77.4389817,
              37.5852868
            ],
            [
              -77.4389922,
              37.5852928
            ],
            [
              -77.4391255,
              37.5853691
            ],
            [
              -77.4393514,
              37.5855002
            ],
            [
              -77.4393027,
              37.5855327
            ],
            [
              -77.4392677,
              37.5855619
            ],
            [
              -77.4392293,
              37.5855959
            ],
            [
              -77.4391558,
              37.5856708
            ],
            [
              -77.4391312,
              37.5857015
            ],
            [
              -77.4391137,
              37.5857185
            ],
            [
              -77.4390754,
              37.5857408
            ],
            [
              -77.4390406,
              37.5857638
            ],
            [
              -77.4390021,
              37.5857964
            ],
            [
              -77.4389915,
              37.5858176
            ],
            [
              -77.4389424,
              37.5858728
            ],
            [
              -77.4389249,
              37.5858871
            ],
            [
              -77.4388935,
              37.5859122
            ],
            [
              -77.4388412,
              37.5859536
            ],
            [
              -77.4388026,
              37.5859931
            ],
            [
              -77.4387222,
              37.5860679
            ],
            [
              -77.4386769,
              37.5861011
            ],
            [
              -77.4386138,
              37.5861651
            ],
            [
              -77.4385752,
              37.5862121
            ],
            [
              -77.4385576,
              37.586234
            ],
            [
              -77.4384945,
              37.5863069
            ],
            [
              -77.4384914,
              37.5863105
            ],
            [
              -77.4384894,
              37.5863129
            ],
            [
              -77.4384664,
              37.5863403
            ],
            [
              -77.4384559,
              37.5863525
            ],
            [
              -77.4384348,
              37.5863764
            ],
            [
              -77.4383578,
              37.5864567
            ],
            [
              -77.4383054,
              37.5864981
            ],
            [
              -77.4382776,
              37.5865137
            ],
            [
              -77.4382427,
              37.586536
            ],
            [
              -77.4381623,
              37.5866101
            ],
            [
              -77.4381483,
              37.5866265
            ],
            [
              -77.4381239,
              37.5866448
            ],
            [
              -77.4380853,
              37.586687
            ],
            [
              -77.4380641,
              37.5867184
            ],
            [
              -77.4380467,
              37.5867306
            ],
            [
              -77.4380328,
              37.5867401
            ],
            [
              -77.4379414,
              37.586856
            ],
            [
              -77.4379309,
              37.5868676
            ],
            [
              -77.4378887,
              37.5869235
            ],
            [
              -77.4378747,
              37.5869358
            ],
            [
              -77.4378463,
              37.5869911
            ],
            [
              -77.4378427,
              37.587
            ],
            [
              -77.4378321,
              37.5870219
            ],
            [
              -77.4378213,
              37.5870534
            ],
            [
              -77.437814,
              37.5870794
            ],
            [
              -77.4377945,
              37.5871024
            ],
            [
              -77.4377923,
              37.587105
            ],
            [
              -77.4377613,
              37.5871414
            ],
            [
              -77.4377296,
              37.5871892
            ],
            [
              -77.4377085,
              37.5872185
            ],
            [
              -77.4376872,
              37.5872582
            ],
            [
              -77.4376833,
              37.5872925
            ],
            [
              -77.4376829,
              37.587322
            ],
            [
              -77.4376823,
              37.5873604
            ],
            [
              -77.4376784,
              37.5873961
            ],
            [
              -77.4376779,
              37.5874311
            ],
            [
              -77.4376742,
              37.5874469
            ],
            [
              -77.4376634,
              37.5874811
            ],
            [
              -77.4376562,
              37.5875023
            ],
            [
              -77.4376523,
              37.5875318
            ],
            [
              -77.4376377,
              37.5875853
            ],
            [
              -77.4376268,
              37.5876222
            ],
            [
              -77.4376194,
              37.5876606
            ],
            [
              -77.4376049,
              37.5877106
            ],
            [
              -77.4375978,
              37.5877263
            ],
            [
              -77.437594,
              37.5877476
            ],
            [
              -77.4375832,
              37.5877811
            ],
            [
              -77.4375656,
              37.5878057
            ],
            [
              -77.437548,
              37.5878289
            ],
            [
              -77.4375443,
              37.5878481
            ],
            [
              -77.4375405,
              37.5878707
            ],
            [
              -77.4375364,
              37.5879132
            ],
            [
              -77.4375212,
              37.588014
            ],
            [
              -77.437527,
              37.5880958
            ],
            [
              -77.4375325,
              37.5881899
            ],
            [
              -77.4375593,
              37.5882499
            ],
            [
              -77.437607,
              37.5882943
            ],
            [
              -77.4376514,
              37.5883263
            ],
            [
              -77.4377024,
              37.5883796
            ],
            [
              -77.4377498,
              37.5884452
            ],
            [
              -77.4377902,
              37.5885211
            ],
            [
              -77.4378235,
              37.5886038
            ],
            [
              -77.4378571,
              37.5886673
            ],
            [
              -77.4378841,
              37.5887342
            ],
            [
              -77.4378871,
              37.5887417
            ],
            [
              -77.4378933,
              37.5887905
            ],
            [
              -77.4379101,
              37.5888284
            ],
            [
              -77.4379125,
              37.5888971
            ],
            [
              -77.4379088,
              37.5889156
            ],
            [
              -77.4379015,
              37.5889437
            ],
            [
              -77.4378977,
              37.5889684
            ],
            [
              -77.4378968,
              37.5890309
            ],
            [
              -77.437896,
              37.589094
            ],
            [
              -77.4379086,
              37.5891752
            ],
            [
              -77.4379256,
              37.5892776
            ],
            [
              -77.4379266,
              37.5892837
            ],
            [
              -77.4379341,
              37.5893285
            ],
            [
              -77.4379472,
              37.5893726
            ],
            [
              -77.4379362,
              37.5894212
            ],
            [
              -77.4379422,
              37.5894824
            ],
            [
              -77.4379451,
              37.5895223
            ],
            [
              -77.4379652,
              37.589565
            ],
            [
              -77.4379917,
              37.5896463
            ],
            [
              -77.4379918,
              37.589647
            ],
            [
              -77.4379981,
              37.58968
            ],
            [
              -77.4380076,
              37.5897391
            ],
            [
              -77.4379887,
              37.5898591
            ],
            [
              -77.4379501,
              37.5899006
            ],
            [
              -77.4379018,
              37.5898981
            ],
            [
              -77.4378708,
              37.5898979
            ],
            [
              -77.4378464,
              37.5899169
            ],
            [
              -77.4378358,
              37.5899312
            ],
            [
              -77.4378326,
              37.5899599
            ],
            [
              -77.4378321,
              37.5899653
            ],
            [
              -77.4378313,
              37.5899725
            ],
            [
              -77.4378279,
              37.5900032
            ],
            [
              -77.4378027,
              37.5900758
            ],
            [
              -77.4377775,
              37.5901518
            ],
            [
              -77.4377275,
              37.5902687
            ],
            [
              -77.4376884,
              37.5903487
            ],
            [
              -77.4376879,
              37.5903817
            ],
            [
              -77.4377049,
              37.5904045
            ],
            [
              -77.4377047,
              37.590416
            ],
            [
              -77.4377042,
              37.5904539
            ],
            [
              -77.4376968,
              37.5904827
            ],
            [
              -77.4376718,
              37.5905477
            ],
            [
              -77.4376162,
              37.5905685
            ],
            [
              -77.4375545,
              37.5905412
            ],
            [
              -77.4374784,
              37.5905542
            ],
            [
              -77.437495,
              37.5905997
            ],
            [
              -77.4375218,
              37.5906562
            ],
            [
              -77.4374754,
              37.5907277
            ],
            [
              -77.4374553,
              37.5907587
            ],
            [
              -77.4374301,
              37.5907975
            ],
            [
              -77.4374116,
              37.5908839
            ],
            [
              -77.4374105,
              37.5909594
            ],
            [
              -77.4374164,
              37.591035
            ],
            [
              -77.4374398,
              37.5910833
            ],
            [
              -77.4374627,
              37.5911755
            ],
            [
              -77.4374546,
              37.5911981
            ],
            [
              -77.4374303,
              37.5912658
            ],
            [
              -77.437474,
              37.5913513
            ],
            [
              -77.4375049,
              37.5913667
            ],
            [
              -77.4375493,
              37.591396
            ],
            [
              -77.4376066,
              37.5914967
            ],
            [
              -77.4376714,
              37.5915474
            ],
            [
              -77.4377502,
              37.591588
            ],
            [
              -77.437756,
              37.5916697
            ],
            [
              -77.4378036,
              37.5917182
            ],
            [
              -77.4378828,
              37.5917313
            ],
            [
              -77.4379067,
              37.5917528
            ],
            [
              -77.4379198,
              37.591801
            ],
            [
              -77.4379813,
              37.5918461
            ],
            [
              -77.438037,
              37.5918827
            ],
            [
              -77.4380385,
              37.5918837
            ],
            [
              -77.4380565,
              37.5918956
            ],
            [
              -77.4380675,
              37.591911
            ],
            [
              -77.4381107,
              37.5919716
            ],
            [
              -77.4381338,
              37.5920446
            ],
            [
              -77.4381505,
              37.592088
            ],
            [
              -77.438191,
              37.5921501
            ],
            [
              -77.4382561,
              37.5921823
            ],
            [
              -77.438304,
              37.5922171
            ],
            [
              -77.4383272,
              37.5922846
            ],
            [
              -77.4383569,
              37.5923782
            ],
            [
              -77.4384696,
              37.5924616
            ],
            [
              -77.4384867,
              37.5924741
            ],
            [
              -77.4386909,
              37.5926833
            ],
            [
              -77.4387587,
              37.5927691
            ],
            [
              -77.43882,
              37.5928266
            ],
            [
              -77.4388813,
              37.5928821
            ],
            [
              -77.4390046,
              37.5929539
            ],
            [
              -77.4391724,
              37.593044
            ],
            [
              -77.4393337,
              37.5931127
            ],
            [
              -77.439457,
              37.5931784
            ],
            [
              -77.4397588,
              37.5933205
            ],
            [
              -77.4398308,
              37.5933506
            ],
            [
              -77.4398651,
              37.5933647
            ],
            [
              -77.4399062,
              37.5933932
            ],
            [
              -77.439968,
              37.5934116
            ],
            [
              -77.4400147,
              37.593444
            ],
            [
              -77.4400171,
              37.5934457
            ],
            [
              -77.4400431,
              37.5934638
            ],
            [
              -77.4400981,
              37.5934871
            ],
            [
              -77.4401511,
              37.5935094
            ],
            [
              -77.4402608,
              37.593579
            ],
            [
              -77.4403371,
              37.5936601
            ],
            [
              -77.4404299,
              37.5937206
            ],
            [
              -77.4405071,
              37.5937818
            ],
            [
              -77.4405481,
              37.593802
            ],
            [
              -77.4405952,
              37.5938246
            ],
            [
              -77.4406402,
              37.5938431
            ],
            [
              -77.4406842,
              37.5938683
            ],
            [
              -77.4407322,
              37.5939138
            ],
            [
              -77.4407694,
              37.5939599
            ],
            [
              -77.4408087,
              37.5940101
            ],
            [
              -77.4408447,
              37.5940463
            ],
            [
              -77.440938,
              37.5943884
            ],
            [
              -77.440921,
              37.5944045
            ],
            [
              -77.4408677,
              37.5944582
            ],
            [
              -77.4408303,
              37.5945508
            ],
            [
              -77.4408021,
              37.5946333
            ],
            [
              -77.4407866,
              37.5946872
            ],
            [
              -77.4407974,
              37.5947287
            ],
            [
              -77.4408416,
              37.5947961
            ],
            [
              -77.4408612,
              37.594894
            ],
            [
              -77.4408502,
              37.5949816
            ],
            [
              -77.4408459,
              37.5949908
            ],
            [
              -77.4408106,
              37.5951037
            ],
            [
              -77.4407829,
              37.5952307
            ],
            [
              -77.4407695,
              37.5952823
            ],
            [
              -77.4407651,
              37.5953221
            ],
            [
              -77.4407683,
              37.5953632
            ],
            [
              -77.4407675,
              37.595405
            ],
            [
              -77.4407667,
              37.5954092
            ],
            [
              -77.4407598,
              37.595446
            ],
            [
              -77.4407378,
              37.595514
            ],
            [
              -77.4407266,
              37.5955895
            ],
            [
              -77.4407242,
              37.5956905
            ],
            [
              -77.4407132,
              37.5957912
            ],
            [
              -77.4407167,
              37.5958454
            ],
            [
              -77.4407247,
              37.5959475
            ],
            [
              -77.4407473,
              37.5960549
            ],
            [
              -77.4407468,
              37.5961736
            ],
            [
              -77.4407415,
              37.5962296
            ],
            [
              -77.4407606,
              37.5963121
            ],
            [
              -77.4407633,
              37.5963443
            ],
            [
              -77.4407632,
              37.5963921
            ],
            [
              -77.4407508,
              37.596447
            ],
            [
              -77.4407485,
              37.5964795
            ],
            [
              -77.4407541,
              37.5965261
            ],
            [
              -77.4407581,
              37.5965666
            ],
            [
              -77.4407503,
              37.5966216
            ],
            [
              -77.4407389,
              37.5966751
            ],
            [
              -77.4407193,
              37.596757
            ],
            [
              -77.4407049,
              37.5968211
            ],
            [
              -77.4406974,
              37.5968622
            ],
            [
              -77.4406804,
              37.5969451
            ],
            [
              -77.4406673,
              37.5970267
            ],
            [
              -77.4406552,
              37.5970772
            ],
            [
              -77.4406426,
              37.5971302
            ],
            [
              -77.4406283,
              37.5971839
            ],
            [
              -77.4406203,
              37.5972406
            ],
            [
              -77.4406114,
              37.597314
            ],
            [
              -77.4406121,
              37.5973823
            ],
            [
              -77.4406183,
              37.597445
            ],
            [
              -77.440611,
              37.5974954
            ],
            [
              -77.4405955,
              37.5975268
            ],
            [
              -77.4405557,
              37.5975787
            ],
            [
              -77.4405165,
              37.5976095
            ],
            [
              -77.4404442,
              37.5976593
            ],
            [
              -77.4403911,
              37.5976941
            ],
            [
              -77.4403209,
              37.5977396
            ],
            [
              -77.4402565,
              37.5977772
            ],
            [
              -77.4402079,
              37.597805
            ],
            [
              -77.4401512,
              37.5978352
            ],
            [
              -77.4400836,
              37.5978691
            ],
            [
              -77.4400559,
              37.597895
            ],
            [
              -77.440043,
              37.5979144
            ],
            [
              -77.4400356,
              37.5979214
            ],
            [
              -77.4400177,
              37.5979383
            ],
            [
              -77.4399853,
              37.5979651
            ],
            [
              -77.4399333,
              37.5980035
            ],
            [
              -77.4398936,
              37.5980245
            ],
            [
              -77.4398496,
              37.5980478
            ],
            [
              -77.4398172,
              37.5980722
            ],
            [
              -77.4397965,
              37.5980935
            ],
            [
              -77.4397703,
              37.5981222
            ],
            [
              -77.4397487,
              37.5981382
            ],
            [
              -77.4397113,
              37.5981518
            ],
            [
              -77.4396678,
              37.5981639
            ],
            [
              -77.4396259,
              37.5981731
            ],
            [
              -77.4395832,
              37.5981884
            ],
            [
              -77.4395398,
              37.5982107
            ],
            [
              -77.4394377,
              37.5982651
            ],
            [
              -77.4392879,
              37.5983616
            ],
            [
              -77.4392156,
              37.5983973
            ],
            [
              -77.439192,
              37.5984011
            ],
            [
              -77.4391277,
              37.5984056
            ],
            [
              -77.4390838,
              37.5984067
            ],
            [
              -77.4390345,
              37.5984132
            ],
            [
              -77.439004,
              37.5984249
            ],
            [
              -77.4389653,
              37.5984537
            ],
            [
              -77.4389242,
              37.5984838
            ],
            [
              -77.4388876,
              37.5985107
            ],
            [
              -77.4388574,
              37.5985325
            ],
            [
              -77.4388048,
              37.5985558
            ],
            [
              -77.4387714,
              37.5985685
            ],
            [
              -77.4387595,
              37.5985727
            ],
            [
              -77.4386986,
              37.598569
            ],
            [
              -77.4386918,
              37.5985682
            ],
            [
              -77.4386907,
              37.598568
            ],
            [
              -77.4386356,
              37.5985609
            ],
            [
              -77.4385788,
              37.598556
            ],
            [
              -77.4384845,
              37.5985564
            ],
            [
              -77.4383731,
              37.5985512
            ],
            [
              -77.438277,
              37.598556
            ],
            [
              -77.4381797,
              37.5985797
            ],
            [
              -77.4381217,
              37.5986004
            ],
            [
              -77.4380214,
              37.5986552
            ],
            [
              -77.4379791,
              37.5986804
            ],
            [
              -77.4379515,
              37.5986909
            ],
            [
              -77.4378968,
              37.5986931
            ],
            [
              -77.4378392,
              37.5986671
            ],
            [
              -77.4377659,
              37.5986221
            ],
            [
              -77.4376736,
              37.5985887
            ],
            [
              -77.437653,
              37.5985876
            ],
            [
              -77.4376202,
              37.5985859
            ],
            [
              -77.4376189,
              37.5986804
            ],
            [
              -77.4376187,
              37.5986927
            ],
            [
              -77.4382461,
              37.5989957
            ],
            [
              -77.4384861,
              37.5991125
            ],
            [
              -77.4387364,
              37.5992328
            ],
            [
              -77.4389627,
              37.599342
            ],
            [
              -77.4392061,
              37.5994588
            ],
            [
              -77.4394221,
              37.5995644
            ],
            [
              -77.4396484,
              37.5996729
            ],
            [
              -77.4398747,
              37.599782
            ],
            [
              -77.4400084,
              37.5998471
            ],
            [
              -77.4400873,
              37.5998835
            ],
            [
              -77.4403171,
              37.5999885
            ],
            [
              -77.4405469,
              37.6000929
            ],
            [
              -77.4407664,
              37.6001917
            ],
            [
              -77.4409996,
              37.6002981
            ],
            [
              -77.4412157,
              37.6003975
            ],
            [
              -77.4414421,
              37.6005005
            ],
            [
              -77.4416582,
              37.6005992
            ],
            [
              -77.4418846,
              37.6007015
            ],
            [
              -77.4419532,
              37.6007323
            ],
            [
              -77.442008,
              37.6007575
            ],
            [
              -77.4420252,
              37.6007652
            ],
            [
              -77.4425087,
              37.6009927
            ],
            [
              -77.4428928,
              37.601174
            ],
            [
              -77.4434518,
              37.6014371
            ],
            [
              -77.4436027,
              37.6015085
            ],
            [
              -77.443651,
              37.6015069
            ],
            [
              -77.4440056,
              37.6015746
            ],
            [
              -77.4443017,
              37.6016314
            ],
            [
              -77.4445806,
              37.6016854
            ],
            [
              -77.444856,
              37.601738
            ],
            [
              -77.4450798,
              37.6017812
            ],
            [
              -77.4454585,
              37.6018491
            ],
            [
              -77.4457788,
              37.6019062
            ],
            [
              -77.4459682,
              37.6019401
            ],
            [
              -77.4461954,
              37.6019806
            ],
            [
              -77.4464571,
              37.6020276
            ],
            [
              -77.447295,
              37.602178
            ],
            [
              -77.4473259,
              37.6021836
            ],
            [
              -77.4473662,
              37.6021908
            ],
            [
              -77.4475183,
              37.6022203
            ],
            [
              -77.4475346,
              37.6024057
            ],
            [
              -77.4475639,
              37.6026389
            ],
            [
              -77.4475836,
              37.6028174
            ],
            [
              -77.448831,
              37.6026852
            ],
            [
              -77.4493804,
              37.6026118
            ],
            [
              -77.4493834,
              37.6026114
            ],
            [
              -77.4494032,
              37.6027091
            ],
            [
              -77.4494063,
              37.6027194
            ],
            [
              -77.4494114,
              37.6027291
            ],
            [
              -77.4494184,
              37.6027381
            ],
            [
              -77.449427,
              37.6027461
            ],
            [
              -77.4494371,
              37.602753
            ],
            [
              -77.4494485,
              37.6027585
            ],
            [
              -77.4494607,
              37.6027625
            ],
            [
              -77.4494736,
              37.6027649
            ],
            [
              -77.4494869,
              37.6027657
            ],
            [
              -77.4495001,
              37.6027649
            ],
            [
              -77.4494922,
              37.6027256
            ],
            [
              -77.4496626,
              37.6027038
            ],
            [
              -77.4496705,
              37.6027431
            ],
            [
              -77.4497521,
              37.6027298
            ],
            [
              -77.4498002,
              37.6029897
            ],
            [
              -77.4502797,
              37.6029335
            ],
            [
              -77.4502705,
              37.602877
            ],
            [
              -77.4502343,
              37.6026648
            ],
            [
              -77.4502189,
              37.6025705
            ],
            [
              -77.4502202,
              37.6025712
            ],
            [
              -77.4502143,
              37.6025429
            ],
            [
              -77.4501983,
              37.6024656
            ],
            [
              -77.4505145,
              37.6024231
            ],
            [
              -77.4511858,
              37.6023329
            ],
            [
              -77.4514676,
              37.602295
            ],
            [
              -77.4517842,
              37.6022524
            ],
            [
              -77.4526812,
              37.6021308
            ],
            [
              -77.4527312,
              37.6024052
            ],
            [
              -77.4527346,
              37.6024049
            ],
            [
              -77.452761,
              37.6025404
            ],
            [
              -77.4527719,
              37.6025391
            ],
            [
              -77.4527747,
              37.6025388
            ],
            [
              -77.4527757,
              37.6025387
            ],
            [
              -77.4528761,
              37.6025268
            ],
            [
              -77.4528783,
              37.6025266
            ],
            [
              -77.4529086,
              37.602523
            ],
            [
              -77.4531845,
              37.6024904
            ],
            [
              -77.4532686,
              37.6024799
            ],
            [
              -77.4537597,
              37.6024183
            ],
            [
              -77.4542024,
              37.6023628
            ],
            [
              -77.4542467,
              37.6023572
            ],
            [
              -77.454284,
              37.6023525
            ],
            [
              -77.454321,
              37.6023479
            ],
            [
              -77.454323,
              37.6023476
            ],
            [
              -77.4543372,
              37.6023458
            ],
            [
              -77.4543339,
              37.6023328
            ],
            [
              -77.4542764,
              37.6020034
            ],
            [
              -77.454272,
              37.60198
            ],
            [
              -77.4545503,
              37.6019298
            ],
            [
              -77.4549754,
              37.6018763
            ],
            [
              -77.4549673,
              37.6018223
            ],
            [
              -77.4552411,
              37.6017859
            ],
            [
              -77.455236,
              37.6017571
            ],
            [
              -77.4552041,
              37.601568
            ],
            [
              -77.4551977,
              37.6015396
            ],
            [
              -77.4551456,
              37.6012557
            ],
            [
              -77.4550341,
              37.6006355
            ],
            [
              -77.454983,
              37.6003447
            ],
            [
              -77.4548634,
              37.5996793
            ],
            [
              -77.4544771,
              37.5975036
            ],
            [
              -77.4568509,
              37.5973367
            ],
            [
              -77.4568532,
              37.5973366
            ],
            [
              -77.4568759,
              37.597335
            ],
            [
              -77.4568951,
              37.5974799
            ],
            [
              -77.4568961,
              37.5974947
            ],
            [
              -77.4568993,
              37.5975116
            ],
            [
              -77.4569066,
              37.5975665
            ],
            [
              -77.4569179,
              37.5976523
            ],
            [
              -77.4569328,
              37.5977647
            ],
            [
              -77.4571554,
              37.5977481
            ],
            [
              -77.4573183,
              37.597736
            ],
            [
              -77.4575872,
              37.597716
            ],
            [
              -77.4576749,
              37.5985431
            ],
            [
              -77.4580475,
              37.5987965
            ],
            [
              -77.458839,
              37.5987472
            ],
            [
              -77.458991,
              37.6002905
            ],
            [
              -77.459009,
              37.6004737
            ],
            [
              -77.4593167,
              37.6006785
            ],
            [
              -77.4593948,
              37.6005776
            ],
            [
              -77.4594296,
              37.6005552
            ],
            [
              -77.4594436,
              37.6005464
            ],
            [
              -77.4594644,
              37.6005336
            ],
            [
              -77.4594993,
              37.6005119
            ],
            [
              -77.4595341,
              37.6004902
            ],
            [
              -77.4595689,
              37.6004686
            ],
            [
              -77.4596037,
              37.6004476
            ],
            [
              -77.459635,
              37.60043
            ],
            [
              -77.4596663,
              37.6004124
            ],
            [
              -77.4596976,
              37.6003949
            ],
            [
              -77.4597289,
              37.600378
            ],
            [
              -77.4597637,
              37.6003611
            ],
            [
              -77.459795,
              37.6003442
            ],
            [
              -77.4598297,
              37.600328
            ],
            [
              -77.459861,
              37.6003118
            ],
            [
              -77.4598958,
              37.6002957
            ],
            [
              -77.4599271,
              37.6002795
            ],
            [
              -77.4599618,
              37.600264
            ],
            [
              -77.4599931,
              37.6002485
            ],
            [
              -77.4600278,
              37.600233
            ],
            [
              -77.4600626,
              37.6002175
            ],
            [
              -77.4601008,
              37.6002006
            ],
            [
              -77.4601178,
              37.6002193
            ],
            [
              -77.4601351,
              37.6002119
            ],
            [
              -77.4601734,
              37.6001924
            ],
            [
              -77.4602151,
              37.6001735
            ],
            [
              -77.4602567,
              37.6001553
            ],
            [
              -77.4602984,
              37.6001365
            ],
            [
              -77.4603401,
              37.6001183
            ],
            [
              -77.4603818,
              37.6001001
            ],
            [
              -77.4604234,
              37.6000826
            ],
            [
              -77.4604651,
              37.6000645
            ],
            [
              -77.4605068,
              37.600047
            ],
            [
              -77.4605484,
              37.6000295
            ],
            [
              -77.4605901,
              37.6000127
            ],
            [
              -77.4606352,
              37.5999959
            ],
            [
              -77.4606769,
              37.5999791
            ],
            [
              -77.4607185,
              37.5999623
            ],
            [
              -77.4607463,
              37.5999523
            ],
            [
              -77.4607879,
              37.5999361
            ],
            [
              -77.460833,
              37.5999201
            ],
            [
              -77.4608747,
              37.5999039
            ],
            [
              -77.4609163,
              37.5998885
            ],
            [
              -77.4609614,
              37.5998731
            ],
            [
              -77.461003,
              37.5998577
            ],
            [
              -77.4610481,
              37.599843
            ],
            [
              -77.4610897,
              37.5998282
            ],
            [
              -77.4611244,
              37.5998176
            ],
            [
              -77.4615335,
              37.5996886
            ],
            [
              -77.4615751,
              37.5996759
            ],
            [
              -77.4616548,
              37.5996526
            ],
            [
              -77.4617345,
              37.5996286
            ],
            [
              -77.4618143,
              37.5996046
            ],
            [
              -77.4618905,
              37.5995805
            ],
            [
              -77.4619703,
              37.5995558
            ],
            [
              -77.46205,
              37.5995318
            ],
            [
              -77.4620881,
              37.5995204
            ],
            [
              -77.4621262,
              37.5995105
            ],
            [
              -77.4621406,
              37.599506
            ],
            [
              -77.4621609,
              37.5994998
            ],
            [
              -77.4621956,
              37.5994884
            ],
            [
              -77.4622337,
              37.5994771
            ],
            [
              -77.4622684,
              37.5994657
            ],
            [
              -77.4623031,
              37.5994543
            ],
            [
              -77.4623412,
              37.599443
            ],
            [
              -77.4623701,
              37.599433
            ],
            [
              -77.4623759,
              37.5994309
            ],
            [
              -77.4624106,
              37.5994189
            ],
            [
              -77.4624453,
              37.5994061
            ],
            [
              -77.4624834,
              37.5993934
            ],
            [
              -77.4625181,
              37.5993807
            ],
            [
              -77.4625528,
              37.5993679
            ],
            [
              -77.4625875,
              37.5993552
            ],
            [
              -77.4626222,
              37.5993418
            ],
            [
              -77.4626236,
              37.5993412
            ],
            [
              -77.4626569,
              37.5993277
            ],
            [
              -77.4626916,
              37.5993142
            ],
            [
              -77.4627263,
              37.5993001
            ],
            [
              -77.4627611,
              37.599286
            ],
            [
              -77.4627923,
              37.5992719
            ],
            [
              -77.462827,
              37.5992571
            ],
            [
              -77.4628618,
              37.5992429
            ],
            [
              -77.4628826,
              37.5992335
            ],
            [
              -77.4629243,
              37.5992133
            ],
            [
              -77.462966,
              37.5991937
            ],
            [
              -77.4630077,
              37.5991735
            ],
            [
              -77.4630494,
              37.5991533
            ],
            [
              -77.4630911,
              37.599133
            ],
            [
              -77.4631294,
              37.5991121
            ],
            [
              -77.4631711,
              37.5990911
            ],
            [
              -77.4632128,
              37.5990702
            ],
            [
              -77.4632511,
              37.5990486
            ],
            [
              -77.4632928,
              37.5990277
            ],
            [
              -77.4633345,
              37.5990061
            ],
            [
              -77.4633728,
              37.5989844
            ],
            [
              -77.4634145,
              37.5989621
            ],
            [
              -77.4634528,
              37.5989398
            ],
            [
              -77.463491,
              37.5989175
            ],
            [
              -77.4635328,
              37.5988952
            ],
            [
              -77.4635676,
              37.5988735
            ],
            [
              -77.4636163,
              37.5988458
            ],
            [
              -77.4636616,
              37.598818
            ],
            [
              -77.4637068,
              37.5987903
            ],
            [
              -77.4637521,
              37.5987618
            ],
            [
              -77.4637973,
              37.5987334
            ],
            [
              -77.4638392,
              37.5987049
            ],
            [
              -77.4638844,
              37.5986765
            ],
            [
              -77.4639297,
              37.5986473
            ],
            [
              -77.463975,
              37.5986189
            ],
            [
              -77.4640168,
              37.5985897
            ],
            [
              -77.4640621,
              37.5985599
            ],
            [
              -77.4641074,
              37.5985308
            ],
            [
              -77.4641492,
              37.5985009
            ],
            [
              -77.4641945,
              37.5984711
            ],
            [
              -77.4642224,
              37.5984501
            ],
            [
              -77.4642538,
              37.5984263
            ],
            [
              -77.4642817,
              37.5984019
            ],
            [
              -77.4643131,
              37.5983774
            ],
            [
              -77.4643411,
              37.5983529
            ],
            [
              -77.4643725,
              37.5983285
            ],
            [
              -77.4644004,
              37.598304
            ],
            [
              -77.4644284,
              37.5982789
            ],
            [
              -77.4644564,
              37.5982537
            ],
            [
              -77.4644878,
              37.5982286
            ],
            [
              -77.4645157,
              37.5982034
            ],
            [
              -77.4645437,
              37.5981776
            ],
            [
              -77.4645717,
              37.5981517
            ],
            [
              -77.4645997,
              37.5981259
            ],
            [
              -77.4646242,
              37.5981
            ],
            [
              -77.4646522,
              37.5980741
            ],
            [
              -77.4646801,
              37.5980476
            ],
            [
              -77.4646906,
              37.5980367
            ],
            [
              -77.4647081,
              37.5980211
            ],
            [
              -77.4647326,
              37.5979945
            ],
            [
              -77.4647606,
              37.597968
            ],
            [
              -77.4647852,
              37.5979414
            ],
            [
              -77.4648131,
              37.5979142
            ],
            [
              -77.4648377,
              37.5978869
            ],
            [
              -77.4648622,
              37.5978604
            ],
            [
              -77.4648868,
              37.5978324
            ],
            [
              -77.4649147,
              37.5978052
            ],
            [
              -77.4649393,
              37.597778
            ],
            [
              -77.4649638,
              37.59775
            ],
            [
              -77.4649884,
              37.5977221
            ],
            [
              -77.4650129,
              37.5976941
            ],
            [
              -77.465034,
              37.5976662
            ],
            [
              -77.4650586,
              37.5976376
            ],
            [
              -77.4650831,
              37.5976096
            ],
            [
              -77.4650972,
              37.5975898
            ],
            [
              -77.4643438,
              37.597188
            ],
            [
              -77.4643433,
              37.5971877
            ],
            [
              -77.4643437,
              37.5971852
            ],
            [
              -77.4643436,
              37.5971845
            ],
            [
              -77.4643436,
              37.5971835
            ],
            [
              -77.4643436,
              37.5971825
            ],
            [
              -77.4643435,
              37.5971814
            ],
            [
              -77.4643435,
              37.5971804
            ],
            [
              -77.4643435,
              37.5971794
            ],
            [
              -77.4643435,
              37.5971784
            ],
            [
              -77.4643435,
              37.5971773
            ],
            [
              -77.4643435,
              37.5971763
            ],
            [
              -77.4643435,
              37.5971753
            ],
            [
              -77.4643436,
              37.5971743
            ],
            [
              -77.4643436,
              37.5971732
            ],
            [
              -77.4643436,
              37.5971722
            ],
            [
              -77.4643437,
              37.5971712
            ],
            [
              -77.4643437,
              37.5971702
            ],
            [
              -77.4643438,
              37.5971691
            ],
            [
              -77.4643438,
              37.5971681
            ],
            [
              -77.4643439,
              37.5971671
            ],
            [
              -77.464344,
              37.5971661
            ],
            [
              -77.4643441,
              37.5971651
            ],
            [
              -77.4643442,
              37.597164
            ],
            [
              -77.4643443,
              37.597163
            ],
            [
              -77.4643444,
              37.597162
            ],
            [
              -77.4643445,
              37.597161
            ],
            [
              -77.4643446,
              37.59716
            ],
            [
              -77.4643447,
              37.5971589
            ],
            [
              -77.4643501,
              37.597134
            ],
            [
              -77.4643967,
              37.5969161
            ],
            [
              -77.4643968,
              37.5969146
            ],
            [
              -77.464397,
              37.5969132
            ],
            [
              -77.4643971,
              37.5969117
            ],
            [
              -77.4643972,
              37.5969102
            ],
            [
              -77.4643974,
              37.5969088
            ],
            [
              -77.4643975,
              37.5969073
            ],
            [
              -77.4643976,
              37.5969059
            ],
            [
              -77.4643977,
              37.5969044
            ],
            [
              -77.4643978,
              37.596903
            ],
            [
              -77.4643979,
              37.5969015
            ],
            [
              -77.464398,
              37.5969001
            ],
            [
              -77.4643981,
              37.5968986
            ],
            [
              -77.4643982,
              37.5968971
            ],
            [
              -77.4643982,
              37.5968957
            ],
            [
              -77.4643983,
              37.5968942
            ],
            [
              -77.4643984,
              37.5968928
            ],
            [
              -77.4643984,
              37.5968913
            ],
            [
              -77.4643984,
              37.5968899
            ],
            [
              -77.4643985,
              37.5968884
            ],
            [
              -77.4643985,
              37.5968869
            ],
            [
              -77.4643985,
              37.5968855
            ],
            [
              -77.4643985,
              37.596884
            ],
            [
              -77.4643985,
              37.5968826
            ],
            [
              -77.4643985,
              37.5968811
            ],
            [
              -77.4643985,
              37.5968797
            ],
            [
              -77.4643985,
              37.5968782
            ],
            [
              -77.4643985,
              37.5968767
            ],
            [
              -77.4643985,
              37.5968753
            ],
            [
              -77.4643984,
              37.5968738
            ],
            [
              -77.4643984,
              37.5968724
            ],
            [
              -77.4643983,
              37.5968709
            ],
            [
              -77.4643983,
              37.5968695
            ],
            [
              -77.4643982,
              37.596868
            ],
            [
              -77.4643982,
              37.5968665
            ],
            [
              -77.4643981,
              37.5968651
            ],
            [
              -77.464398,
              37.5968636
            ],
            [
              -77.4643979,
              37.5968622
            ],
            [
              -77.4643978,
              37.5968607
            ],
            [
              -77.4643977,
              37.5968593
            ],
            [
              -77.4643976,
              37.5968578
            ],
            [
              -77.4643975,
              37.5968563
            ],
            [
              -77.4643973,
              37.5968549
            ],
            [
              -77.4643972,
              37.5968534
            ],
            [
              -77.4643971,
              37.596852
            ],
            [
              -77.4643969,
              37.5968505
            ],
            [
              -77.4643968,
              37.5968491
            ],
            [
              -77.4643966,
              37.5968476
            ],
            [
              -77.4643965,
              37.5968462
            ],
            [
              -77.4643923,
              37.5968398
            ],
            [
              -77.464418,
              37.5968384
            ],
            [
              -77.4658405,
              37.5967789
            ],
            [
              -77.4659187,
              37.5975908
            ],
            [
              -77.4659188,
              37.5975913
            ],
            [
              -77.4659883,
              37.5983593
            ],
            [
              -77.4660176,
              37.5986834
            ],
            [
              -77.4660213,
              37.5987234
            ],
            [
              -77.4660596,
              37.5991411
            ],
            [
              -77.4666711,
              37.5991059
            ],
            [
              -77.4669979,
              37.5989364
            ],
            [
              -77.4680979,
              37.5987695
            ],
            [
              -77.4685999,
              37.5986599
            ],
            [
              -77.4687661,
              37.5986236
            ],
            [
              -77.4688007,
              37.598617
            ],
            [
              -77.4688284,
              37.5986117
            ],
            [
              -77.468863,
              37.5986052
            ],
            [
              -77.4688976,
              37.5986
            ],
            [
              -77.4689288,
              37.5985948
            ],
            [
              -77.4689634,
              37.5985896
            ],
            [
              -77.4689945,
              37.5985844
            ],
            [
              -77.4690291,
              37.5985798
            ],
            [
              -77.4690602,
              37.5985753
            ],
            [
              -77.4690948,
              37.5985708
            ],
            [
              -77.4691259,
              37.598567
            ],
            [
              -77.4691605,
              37.5985631
            ],
            [
              -77.4691916,
              37.5985593
            ],
            [
              -77.4692262,
              37.5985562
            ],
            [
              -77.4692642,
              37.5985524
            ],
            [
              -77.4692918,
              37.5985499
            ],
            [
              -77.4693229,
              37.5985467
            ],
            [
              -77.4693575,
              37.5985442
            ],
            [
              -77.4693886,
              37.5985425
            ],
            [
              -77.4694231,
              37.59854
            ],
            [
              -77.4694715,
              37.5985377
            ],
            [
              -77.4695233,
              37.5985354
            ],
            [
              -77.4695579,
              37.5985336
            ],
            [
              -77.4695889,
              37.5985332
            ],
            [
              -77.4696787,
              37.5985299
            ],
            [
              -77.4699239,
              37.5985224
            ],
            [
              -77.4701415,
              37.5985154
            ],
            [
              -77.4703728,
              37.5985084
            ],
            [
              -77.4706249,
              37.5985003
            ],
            [
              -77.4708149,
              37.5984944
            ],
            [
              -77.4710254,
              37.5984969
            ],
            [
              -77.4710944,
              37.5984989
            ],
            [
              -77.4713981,
              37.5985077
            ],
            [
              -77.471574,
              37.5985127
            ],
            [
              -77.4716327,
              37.5985146
            ],
            [
              -77.4718915,
              37.5985216
            ],
            [
              -77.4721503,
              37.5985293
            ],
            [
              -77.4723815,
              37.5985355
            ],
            [
              -77.4726092,
              37.5985422
            ],
            [
              -77.4728542,
              37.5985492
            ],
            [
              -77.4730957,
              37.5985554
            ],
            [
              -77.4733545,
              37.5985631
            ],
            [
              -77.4742551,
              37.5985881
            ],
            [
              -77.4744726,
              37.5985872
            ],
            [
              -77.4746003,
              37.598591
            ],
            [
              -77.4747348,
              37.5985963
            ],
            [
              -77.4747935,
              37.5985982
            ],
            [
              -77.4749315,
              37.5986028
            ],
            [
              -77.4750074,
              37.5986056
            ],
            [
              -77.475035,
              37.5986065
            ],
            [
              -77.4751489,
              37.5986109
            ],
            [
              -77.4752248,
              37.5986115
            ],
            [
              -77.4752593,
              37.5986125
            ],
            [
              -77.4753076,
              37.598613
            ],
            [
              -77.4754008,
              37.5986158
            ],
            [
              -77.4755112,
              37.5986195
            ],
            [
              -77.475556,
              37.5986213
            ],
            [
              -77.4756319,
              37.5986247
            ],
            [
              -77.4757078,
              37.5986274
            ],
            [
              -77.4757837,
              37.5986294
            ],
            [
              -77.4758286,
              37.5986312
            ],
            [
              -77.4759114,
              37.5986333
            ],
            [
              -77.4760322,
              37.5986357
            ],
            [
              -77.4760874,
              37.5986368
            ],
            [
              -77.4761805,
              37.5986418
            ],
            [
              -77.4762564,
              37.5986445
            ],
            [
              -77.4762944,
              37.5986455
            ],
            [
              -77.4763531,
              37.5986474
            ],
            [
              -77.4764255,
              37.5986501
            ],
            [
              -77.4764807,
              37.5986519
            ],
            [
              -77.4765394,
              37.5986538
            ],
            [
              -77.4765739,
              37.5986548
            ],
            [
              -77.4766118,
              37.5986558
            ],
            [
              -77.476705,
              37.5986573
            ],
            [
              -77.4767326,
              37.5986575
            ],
            [
              -77.4767706,
              37.5986585
            ],
            [
              -77.4767982,
              37.5986601
            ],
            [
              -77.4768327,
              37.5986611
            ],
            [
              -77.4768775,
              37.5986629
            ],
            [
              -77.4769155,
              37.5986646
            ],
            [
              -77.4769707,
              37.5986664
            ],
            [
              -77.4770535,
              37.5986713
            ],
            [
              -77.4771017,
              37.5986765
            ],
            [
              -77.4771362,
              37.5986802
            ],
            [
              -77.4771707,
              37.5986846
            ],
            [
              -77.4772051,
              37.5986904
            ],
            [
              -77.4772326,
              37.5986955
            ],
            [
              -77.4772567,
              37.5987005
            ],
            [
              -77.4772911,
              37.5987083
            ],
            [
              -77.4773256,
              37.5987162
            ],
            [
              -77.4773531,
              37.598724
            ],
            [
              -77.4773978,
              37.598736
            ],
            [
              -77.4774493,
              37.5987516
            ],
            [
              -77.4774837,
              37.5987615
            ],
            [
              -77.4775319,
              37.5987756
            ],
            [
              -77.4775662,
              37.5987862
            ],
            [
              -77.4775903,
              37.5987954
            ],
            [
              -77.4776384,
              37.5988102
            ],
            [
              -77.4776659,
              37.5988194
            ],
            [
              -77.4777002,
              37.5988313
            ],
            [
              -77.4777312,
              37.5988412
            ],
            [
              -77.4777552,
              37.598849
            ],
            [
              -77.4777862,
              37.5988595
            ],
            [
              -77.477824,
              37.5988715
            ],
            [
              -77.4778583,
              37.5988828
            ],
            [
              -77.4778961,
              37.5988948
            ],
            [
              -77.4779236,
              37.5989033
            ],
            [
              -77.4779546,
              37.5989118
            ],
            [
              -77.4781299,
              37.5989662
            ],
            [
              -77.4782601,
              37.5985532
            ],
            [
              -77.4781908,
              37.5985458
            ],
            [
              -77.47819,
              37.598546
            ],
            [
              -77.478139,
              37.5985543
            ],
            [
              -77.4780871,
              37.5985566
            ],
            [
              -77.4780492,
              37.5985528
            ],
            [
              -77.4780079,
              37.5985477
            ],
            [
              -77.4779666,
              37.5985356
            ],
            [
              -77.4779323,
              37.5985196
            ],
            [
              -77.477898,
              37.5985076
            ],
            [
              -77.4778739,
              37.5984971
            ],
            [
              -77.4778602,
              37.5984935
            ],
            [
              -77.4778432,
              37.5984762
            ],
            [
              -77.4778295,
              37.5984617
            ],
            [
              -77.477816,
              37.5984458
            ],
            [
              -77.4777921,
              37.5984243
            ],
            [
              -77.4777888,
              37.5984139
            ],
            [
              -77.4777787,
              37.5983953
            ],
            [
              -77.4777788,
              37.5983864
            ],
            [
              -77.4777792,
              37.5983555
            ],
            [
              -77.4777383,
              37.5983174
            ],
            [
              -77.4777282,
              37.5983029
            ],
            [
              -77.4777078,
              37.59828
            ],
            [
              -77.4776941,
              37.5982662
            ],
            [
              -77.4776873,
              37.5982606
            ],
            [
              -77.4776463,
              37.5982314
            ],
            [
              -77.4775947,
              37.5982186
            ],
            [
              -77.4775498,
              37.598221
            ],
            [
              -77.4775393,
              37.5982257
            ],
            [
              -77.4775187,
              37.5982201
            ],
            [
              -77.4774947,
              37.5982061
            ],
            [
              -77.4774674,
              37.5981894
            ],
            [
              -77.4774399,
              37.5981775
            ],
            [
              -77.4774057,
              37.5981552
            ],
            [
              -77.477392,
              37.5981469
            ],
            [
              -77.4773715,
              37.598133
            ],
            [
              -77.4773648,
              37.5981123
            ],
            [
              -77.4773238,
              37.5980845
            ],
            [
              -77.4772963,
              37.5980781
            ],
            [
              -77.4772792,
              37.5980676
            ],
            [
              -77.4772518,
              37.5980502
            ],
            [
              -77.4772278,
              37.5980383
            ],
            [
              -77.4772073,
              37.5980244
            ],
            [
              -77.4771731,
              37.597998
            ],
            [
              -77.4783337,
              37.5951523
            ],
            [
              -77.4791346,
              37.5931069
            ],
            [
              -77.4791903,
              37.592819
            ],
            [
              -77.4793982,
              37.5909917
            ],
            [
              -77.4794177,
              37.5908208
            ],
            [
              -77.4794104,
              37.5905501
            ],
            [
              -77.4793603,
              37.5886918
            ],
            [
              -77.4793575,
              37.5886726
            ],
            [
              -77.4792087,
              37.5876584
            ],
            [
              -77.4788947,
              37.5876557
            ],
            [
              -77.4783368,
              37.5875637
            ],
            [
              -77.4767752,
              37.5853997
            ],
            [
              -77.476162,
              37.5845533
            ],
            [
              -77.4757171,
              37.5839678
            ],
            [
              -77.4757115,
              37.5839604
            ],
            [
              -77.475497,
              37.5836781
            ],
            [
              -77.4753178,
              37.5834422
            ],
            [
              -77.4744141,
              37.5822529
            ],
            [
              -77.4744134,
              37.5822519
            ],
            [
              -77.4740872,
              37.5818225
            ],
            [
              -77.4739563,
              37.5811208
            ],
            [
              -77.4739515,
              37.5810952
            ],
            [
              -77.4739199,
              37.5809257
            ],
            [
              -77.4738717,
              37.5806678
            ],
            [
              -77.4736043,
              37.5802844
            ],
            [
              -77.4732992,
              37.5798527
            ],
            [
              -77.473293,
              37.579844
            ],
            [
              -77.4728755,
              37.5792378
            ],
            [
              -77.4734327,
              37.5790132
            ],
            [
              -77.4730457,
              37.5784891
            ],
            [
              -77.4751722,
              37.5775462
            ],
            [
              -77.4759885,
              37.5772016
            ],
            [
              -77.4760635,
              37.5773191
            ],
            [
              -77.4761465,
              37.5774494
            ],
            [
              -77.4762096,
              37.5775396
            ],
            [
              -77.4762237,
              37.5775597
            ],
            [
              -77.4762608,
              37.5776128
            ],
            [
              -77.4762949,
              37.5776628
            ],
            [
              -77.4763385,
              37.5776211
            ],
            [
              -77.476397,
              37.5775593
            ],
            [
              -77.4764253,
              37.5775294
            ],
            [
              -77.4765113,
              37.5774357
            ],
            [
              -77.4765925,
              37.577344
            ],
            [
              -77.4766404,
              37.5772832
            ],
            [
              -77.4766666,
              37.57725
            ],
            [
              -77.4767151,
              37.5771791
            ],
            [
              -77.4767717,
              37.5770884
            ],
            [
              -77.4767897,
              37.5770524
            ],
            [
              -77.4768178,
              37.5769961
            ],
            [
              -77.4768562,
              37.5769037
            ],
            [
              -77.4768853,
              37.5768272
            ],
            [
              -77.4768872,
              37.5768222
            ],
            [
              -77.4769004,
              37.5768166
            ],
            [
              -77.4769022,
              37.5768158
            ],
            [
              -77.4777044,
              37.5765138
            ],
            [
              -77.4776271,
              37.575827
            ],
            [
              -77.4779016,
              37.5756668
            ],
            [
              -77.4801862,
              37.5743374
            ],
            [
              -77.4802672,
              37.5742902
            ],
            [
              -77.4805926,
              37.5741128
            ],
            [
              -77.4806618,
              37.574075
            ],
            [
              -77.4807578,
              37.5740227
            ],
            [
              -77.4807941,
              37.5740029
            ],
            [
              -77.4808559,
              37.5739692
            ],
            [
              -77.4810545,
              37.5738609
            ],
            [
              -77.4814008,
              37.5736721
            ],
            [
              -77.4814347,
              37.5736536
            ],
            [
              -77.4816551,
              37.5735334
            ],
            [
              -77.4816574,
              37.5735346
            ],
            [
              -77.4816652,
              37.5735383
            ],
            [
              -77.4816658,
              37.5735388
            ],
            [
              -77.4816698,
              37.5735421
            ],
            [
              -77.4816649,
              37.5735462
            ],
            [
              -77.4817634,
              37.5736254
            ],
            [
              -77.4817857,
              37.5736433
            ],
            [
              -77.4819216,
              37.5737527
            ],
            [
              -77.4822534,
              37.5740303
            ],
            [
              -77.4823174,
              37.5740876
            ],
            [
              -77.4823201,
              37.5740902
            ],
            [
              -77.4823699,
              37.5741289
            ],
            [
              -77.4824196,
              37.5741709
            ],
            [
              -77.4824206,
              37.5741701
            ],
            [
              -77.4824449,
              37.5741904
            ],
            [
              -77.4824717,
              37.5742129
            ],
            [
              -77.4824722,
              37.5742133
            ],
            [
              -77.4824647,
              37.5742195
            ],
            [
              -77.482407,
              37.5742677
            ],
            [
              -77.4823085,
              37.5743493
            ],
            [
              -77.4822953,
              37.57436
            ],
            [
              -77.4821835,
              37.5744497
            ],
            [
              -77.4821375,
              37.5744857
            ],
            [
              -77.4821355,
              37.5744873
            ],
            [
              -77.4826354,
              37.5747146
            ],
            [
              -77.4826871,
              37.5743656
            ],
            [
              -77.4826876,
              37.5743626
            ],
            [
              -77.4826892,
              37.5743524
            ],
            [
              -77.4826924,
              37.5743349
            ],
            [
              -77.4826929,
              37.5743319
            ],
            [
              -77.4826932,
              37.5743303
            ],
            [
              -77.4826993,
              37.5743129
            ],
            [
              -77.4827002,
              37.5743105
            ],
            [
              -77.4827009,
              37.5743084
            ],
            [
              -77.4827089,
              37.5742902
            ],
            [
              -77.4827107,
              37.574287
            ],
            [
              -77.4827151,
              37.5742793
            ],
            [
              -77.4827238,
              37.5742668
            ],
            [
              -77.4827391,
              37.5742447
            ],
            [
              -77.4827503,
              37.5742321
            ],
            [
              -77.4827594,
              37.5742218
            ],
            [
              -77.4827669,
              37.5742155
            ],
            [
              -77.4827698,
              37.5742131
            ],
            [
              -77.4828034,
              37.5741899
            ],
            [
              -77.4828224,
              37.5741744
            ],
            [
              -77.4828632,
              37.574141
            ],
            [
              -77.482872,
              37.5741339
            ],
            [
              -77.4828722,
              37.5741341
            ],
            [
              -77.4833142,
              37.5745022
            ],
            [
              -77.4834163,
              37.574586
            ],
            [
              -77.4834762,
              37.5746352
            ],
            [
              -77.4837625,
              37.5744121
            ],
            [
              -77.4837605,
              37.5744104
            ],
            [
              -77.483823,
              37.5743608
            ],
            [
              -77.4838231,
              37.5743606
            ],
            [
              -77.4838238,
              37.5743612
            ],
            [
              -77.4844275,
              37.574868
            ],
            [
              -77.4845504,
              37.57497
            ],
            [
              -77.4848438,
              37.5752163
            ],
            [
              -77.4854421,
              37.5757182
            ],
            [
              -77.4854422,
              37.5757183
            ],
            [
              -77.4854921,
              37.5757602
            ],
            [
              -77.4861166,
              37.5762825
            ],
            [
              -77.4862804,
              37.5764185
            ],
            [
              -77.4867616,
              37.5768168
            ],
            [
              -77.4870146,
              37.5770286
            ],
            [
              -77.4870201,
              37.5770332
            ],
            [
              -77.4872359,
              37.5772142
            ],
            [
              -77.4873742,
              37.5773296
            ],
            [
              -77.4873758,
              37.577331
            ],
            [
              -77.4873825,
              37.5773366
            ],
            [
              -77.4877921,
              37.5776784
            ],
            [
              -77.4881744,
              37.5779968
            ],
            [
              -77.4884719,
              37.5782457
            ],
            [
              -77.4885274,
              37.5781921
            ],
            [
              -77.488592,
              37.5782345
            ],
            [
              -77.4886595,
              37.5781689
            ],
            [
              -77.4887712,
              37.5780603
            ],
            [
              -77.4888273,
              37.5780059
            ],
            [
              -77.4888991,
              37.5779378
            ]
          ]
        ]
      }
    },
    {
      "id": 12,
      "type": "Feature",
      "properties": {
        "OBJECTID": 12,
        "EditDate": "2025-05-27T17:51:36.626Z",
        "PressureZone": "Supply-Multi",
        "CreationDate": "2025-05-27T17:51:36.626Z",
        "Creator": "Connor.Jenkins_cor",
        "Editor": "Connor.Jenkins_cor",
        "SHAPE__Area": 113574.84375,
        "SHAPE__Length": 3226.1448697649616
      },
      "geometry": {
        "type": "Polygon",
        "coordinates": [
          [
            [
              -77.449609,
              37.5340007
            ],
            [
              -77.4495933,
              37.5340052
            ],
            [
              -77.4495576,
              37.5340153
            ],
            [
              -77.4495043,
              37.5340305
            ],
            [
              -77.4494811,
              37.5340371
            ],
            [
              -77.4494724,
              37.5340396
            ],
            [
              -77.4493857,
              37.534063
            ],
            [
              -77.4492885,
              37.5340893
            ],
            [
              -77.4492855,
              37.5340901
            ],
            [
              -77.4492613,
              37.5340955
            ],
            [
              -77.4492307,
              37.5341024
            ],
            [
              -77.4491726,
              37.5341155
            ],
            [
              -77.4491577,
              37.5341189
            ],
            [
              -77.4490897,
              37.5341342
            ],
            [
              -77.4490664,
              37.5341394
            ],
            [
              -77.4490575,
              37.5341414
            ],
            [
              -77.4490536,
              37.5341423
            ],
            [
              -77.4490385,
              37.5341434
            ],
            [
              -77.4490125,
              37.5341454
            ],
            [
              -77.448988,
              37.5341472
            ],
            [
              -77.4489676,
              37.5341524
            ],
            [
              -77.4489533,
              37.534156
            ],
            [
              -77.4489533,
              37.5341561
            ],
            [
              -77.4489516,
              37.5341726
            ],
            [
              -77.4489442,
              37.534242
            ],
            [
              -77.4489431,
              37.534252
            ],
            [
              -77.4489427,
              37.5342572
            ],
            [
              -77.4489425,
              37.5342603
            ],
            [
              -77.4489565,
              37.5342569
            ],
            [
              -77.4489525,
              37.5343092
            ],
            [
              -77.44895,
              37.5343417
            ],
            [
              -77.4489499,
              37.5343436
            ],
            [
              -77.4489477,
              37.5343714
            ],
            [
              -77.4489919,
              37.5343667
            ],
            [
              -77.4490372,
              37.5343619
            ],
            [
              -77.4490401,
              37.5343621
            ],
            [
              -77.4490443,
              37.5343624
            ],
            [
              -77.4491326,
              37.5343682
            ],
            [
              -77.4492085,
              37.5343732
            ],
            [
              -77.4492345,
              37.5343749
            ],
            [
              -77.4492646,
              37.5343769
            ],
            [
              -77.4492883,
              37.5343785
            ],
            [
              -77.4493619,
              37.5343824
            ],
            [
              -77.449456,
              37.5343873
            ],
            [
              -77.4494651,
              37.5343878
            ],
            [
              -77.4494958,
              37.5343894
            ],
            [
              -77.4495127,
              37.5343903
            ],
            [
              -77.4495399,
              37.5343917
            ],
            [
              -77.4495478,
              37.5343921
            ],
            [
              -77.4495844,
              37.5343936
            ],
            [
              -77.4496,
              37.5343942
            ],
            [
              -77.449632,
              37.5343956
            ],
            [
              -77.4497502,
              37.5344005
            ],
            [
              -77.450581,
              37.5344284
            ],
            [
              -77.4507327,
              37.5344325
            ],
            [
              -77.4508844,
              37.5344345
            ],
            [
              -77.4509321,
              37.5344345
            ],
            [
              -77.4509365,
              37.5344489
            ],
            [
              -77.4509563,
              37.5345153
            ],
            [
              -77.4509768,
              37.5345839
            ],
            [
              -77.4510721,
              37.5345783
            ],
            [
              -77.4528225,
              37.5344517
            ],
            [
              -77.4531438,
              37.534414
            ],
            [
              -77.4531424,
              37.5344477
            ],
            [
              -77.453142,
              37.5344574
            ],
            [
              -77.4531415,
              37.5344706
            ],
            [
              -77.4531387,
              37.5345378
            ],
            [
              -77.4531379,
              37.5345587
            ],
            [
              -77.4531376,
              37.5345661
            ],
            [
              -77.453143,
              37.5345652
            ],
            [
              -77.453157,
              37.5345632
            ],
            [
              -77.4531591,
              37.5345628
            ],
            [
              -77.4532131,
              37.5345518
            ],
            [
              -77.4533389,
              37.5345262
            ],
            [
              -77.4533403,
              37.5345259
            ],
            [
              -77.4535118,
              37.5344846
            ],
            [
              -77.4535139,
              37.534484
            ],
            [
              -77.4536159,
              37.5344536
            ],
            [
              -77.4536755,
              37.534439
            ],
            [
              -77.4538263,
              37.5343862
            ],
            [
              -77.4538678,
              37.5343716
            ],
            [
              -77.4539998,
              37.5343254
            ],
            [
              -77.4541529,
              37.5342652
            ],
            [
              -77.4544268,
              37.5341194
            ],
            [
              -77.4544534,
              37.5341045
            ],
            [
              -77.4545559,
              37.5340474
            ],
            [
              -77.454712,
              37.5339458
            ],
            [
              -77.4549206,
              37.5338052
            ],
            [
              -77.4551058,
              37.5336952
            ],
            [
              -77.4553401,
              37.5335349
            ],
            [
              -77.4555193,
              37.5334232
            ],
            [
              -77.4556081,
              37.5333676
            ],
            [
              -77.4556543,
              37.5333386
            ],
            [
              -77.4556745,
              37.5333259
            ],
            [
              -77.4556809,
              37.5333219
            ],
            [
              -77.4556895,
              37.533317
            ],
            [
              -77.4559397,
              37.5331732
            ],
            [
              -77.4561429,
              37.533072
            ],
            [
              -77.456453,
              37.5329314
            ],
            [
              -77.4565138,
              37.5329072
            ],
            [
              -77.456758,
              37.5328099
            ],
            [
              -77.4568586,
              37.5327761
            ],
            [
              -77.4569948,
              37.5327302
            ],
            [
              -77.4572354,
              37.532638
            ],
            [
              -77.4576009,
              37.5325103
            ],
            [
              -77.4578913,
              37.5323964
            ],
            [
              -77.4579327,
              37.5323799
            ],
            [
              -77.4579413,
              37.5323765
            ],
            [
              -77.4581562,
              37.532291
            ],
            [
              -77.4582057,
              37.5322661
            ],
            [
              -77.4584215,
              37.5321576
            ],
            [
              -77.4585316,
              37.532089
            ],
            [
              -77.4585371,
              37.5320856
            ],
            [
              -77.4585755,
              37.5320617
            ],
            [
              -77.4588439,
              37.5318649
            ],
            [
              -77.4588472,
              37.531862
            ],
            [
              -77.4590631,
              37.531651
            ],
            [
              -77.4590658,
              37.5316479
            ],
            [
              -77.4592623,
              37.5313916
            ],
            [
              -77.4592625,
              37.5313913
            ],
            [
              -77.4592627,
              37.5313911
            ],
            [
              -77.4592643,
              37.5313887
            ],
            [
              -77.4592644,
              37.5313886
            ],
            [
              -77.4592655,
              37.5313867
            ],
            [
              -77.4594355,
              37.531105
            ],
            [
              -77.4595213,
              37.5309554
            ],
            [
              -77.4595964,
              37.5308199
            ],
            [
              -77.4596858,
              37.5306891
            ],
            [
              -77.4598066,
              37.5305121
            ],
            [
              -77.4598152,
              37.5305013
            ],
            [
              -77.4600368,
              37.5302739
            ],
            [
              -77.460084,
              37.5302367
            ],
            [
              -77.4601625,
              37.5301749
            ],
            [
              -77.4599277,
              37.5300937
            ],
            [
              -77.4598848,
              37.530131
            ],
            [
              -77.4598689,
              37.5301437
            ],
            [
              -77.4597957,
              37.5302149
            ],
            [
              -77.4597185,
              37.5302795
            ],
            [
              -77.4596764,
              37.5303101
            ],
            [
              -77.4596088,
              37.5303583
            ],
            [
              -77.4595429,
              37.5304064
            ],
            [
              -77.4595096,
              37.5304266
            ],
            [
              -77.4594141,
              37.5305144
            ],
            [
              -77.4592574,
              37.5306585
            ],
            [
              -77.4592033,
              37.5307083
            ],
            [
              -77.4589915,
              37.5309055
            ],
            [
              -77.4588647,
              37.53101
            ],
            [
              -77.4588225,
              37.5310331
            ],
            [
              -77.4588085,
              37.5310501
            ],
            [
              -77.4588017,
              37.5310584
            ],
            [
              -77.4587966,
              37.5310621
            ],
            [
              -77.4587058,
              37.5311265
            ],
            [
              -77.4586042,
              37.5312501
            ],
            [
              -77.4585343,
              37.5313369
            ],
            [
              -77.4585179,
              37.5313573
            ],
            [
              -77.4584997,
              37.53138
            ],
            [
              -77.4584787,
              37.5314061
            ],
            [
              -77.4583246,
              37.5316082
            ],
            [
              -77.4580224,
              37.531868
            ],
            [
              -77.4579851,
              37.5319012
            ],
            [
              -77.4579487,
              37.5319283
            ],
            [
              -77.4579295,
              37.5319443
            ],
            [
              -77.4579078,
              37.5319626
            ],
            [
              -77.4578507,
              37.5320104
            ],
            [
              -77.4578029,
              37.5320547
            ],
            [
              -77.457776,
              37.5320763
            ],
            [
              -77.457694,
              37.532135
            ],
            [
              -77.4576354,
              37.5321741
            ],
            [
              -77.4575771,
              37.5322013
            ],
            [
              -77.4575171,
              37.5322232
            ],
            [
              -77.4574521,
              37.5322503
            ],
            [
              -77.457397,
              37.5322815
            ],
            [
              -77.45737,
              37.5323143
            ],
            [
              -77.4573513,
              37.5323458
            ],
            [
              -77.4573359,
              37.5323789
            ],
            [
              -77.4571745,
              37.5322564
            ],
            [
              -77.4571665,
              37.5322589
            ],
            [
              -77.4570855,
              37.5321986
            ],
            [
              -77.4570011,
              37.5322287
            ],
            [
              -77.4569368,
              37.5322275
            ],
            [
              -77.4569349,
              37.5322288
            ],
            [
              -77.456935,
              37.5322286
            ],
            [
              -77.4569444,
              37.5321802
            ],
            [
              -77.4569347,
              37.5321389
            ],
            [
              -77.4568998,
              37.5321406
            ],
            [
              -77.4568726,
              37.5321418
            ],
            [
              -77.4568693,
              37.5321431
            ],
            [
              -77.4568779,
              37.5321289
            ],
            [
              -77.4568892,
              37.5320885
            ],
            [
              -77.4568868,
              37.5320714
            ],
            [
              -77.4568628,
              37.5320605
            ],
            [
              -77.4568282,
              37.5320453
            ],
            [
              -77.4567758,
              37.5320608
            ],
            [
              -77.4567245,
              37.5320934
            ],
            [
              -77.456684,
              37.5321165
            ],
            [
              -77.4566436,
              37.5321343
            ],
            [
              -77.4566033,
              37.5321446
            ],
            [
              -77.4565845,
              37.5321444
            ],
            [
              -77.4565404,
              37.5321451
            ],
            [
              -77.4565112,
              37.5321473
            ],
            [
              -77.4565028,
              37.532148
            ],
            [
              -77.4564707,
              37.5321488
            ],
            [
              -77.4564411,
              37.532156
            ],
            [
              -77.4564462,
              37.5321752
            ],
            [
              -77.4564634,
              37.5321924
            ],
            [
              -77.4564679,
              37.5321953
            ],
            [
              -77.4564338,
              37.5321956
            ],
            [
              -77.4563809,
              37.5322057
            ],
            [
              -77.4563404,
              37.5322133
            ],
            [
              -77.4563399,
              37.5322136
            ],
            [
              -77.4562836,
              37.5322033
            ],
            [
              -77.4561963,
              37.5322249
            ],
            [
              -77.4561195,
              37.5322594
            ],
            [
              -77.4560508,
              37.5322887
            ],
            [
              -77.4560197,
              37.5323017
            ],
            [
              -77.4559827,
              37.5323172
            ],
            [
              -77.4559687,
              37.5323231
            ],
            [
              -77.4559069,
              37.532347
            ],
            [
              -77.4558825,
              37.5323565
            ],
            [
              -77.4558044,
              37.532391
            ],
            [
              -77.4557169,
              37.5324265
            ],
            [
              -77.4556464,
              37.532493
            ],
            [
              -77.4556203,
              37.5325175
            ],
            [
              -77.4555935,
              37.5325426
            ],
            [
              -77.4556077,
              37.532579
            ],
            [
              -77.4556463,
              37.5325943
            ],
            [
              -77.4556613,
              37.5325993
            ],
            [
              -77.4556559,
              37.5326046
            ],
            [
              -77.4556552,
              37.5326052
            ],
            [
              -77.4556521,
              37.5326083
            ],
            [
              -77.4556827,
              37.5326401
            ],
            [
              -77.4556834,
              37.5326546
            ],
            [
              -77.4556726,
              37.5326487
            ],
            [
              -77.455594,
              37.5326192
            ],
            [
              -77.4555177,
              37.5326175
            ],
            [
              -77.4554333,
              37.5326242
            ],
            [
              -77.4553755,
              37.5326397
            ],
            [
              -77.4553107,
              37.5326775
            ],
            [
              -77.4552594,
              37.5327133
            ],
            [
              -77.4552176,
              37.5327278
            ],
            [
              -77.4551894,
              37.5327361
            ],
            [
              -77.4551861,
              37.5327578
            ],
            [
              -77.4551797,
              37.5327724
            ],
            [
              -77.455138,
              37.5329076
            ],
            [
              -77.4551238,
              37.5329063
            ],
            [
              -77.4550757,
              37.5329304
            ],
            [
              -77.4550571,
              37.5329699
            ],
            [
              -77.4550397,
              37.5330044
            ],
            [
              -77.4550224,
              37.5330271
            ],
            [
              -77.4549977,
              37.5330513
            ],
            [
              -77.454975,
              37.533079
            ],
            [
              -77.4549545,
              37.533105
            ],
            [
              -77.4549298,
              37.5331251
            ],
            [
              -77.4548868,
              37.5331661
            ],
            [
              -77.4548269,
              37.5332036
            ],
            [
              -77.4548077,
              37.5332126
            ],
            [
              -77.4547791,
              37.5332065
            ],
            [
              -77.4547399,
              37.5332027
            ],
            [
              -77.4546709,
              37.5332055
            ],
            [
              -77.4546188,
              37.5332135
            ],
            [
              -77.4545973,
              37.5332192
            ],
            [
              -77.4545944,
              37.53322
            ],
            [
              -77.4545633,
              37.5332451
            ],
            [
              -77.4545406,
              37.5332694
            ],
            [
              -77.4545297,
              37.5332896
            ],
            [
              -77.4545321,
              37.5333132
            ],
            [
              -77.4545258,
              37.5333224
            ],
            [
              -77.4545049,
              37.5333375
            ],
            [
              -77.454452,
              37.5333244
            ],
            [
              -77.4544055,
              37.533318
            ],
            [
              -77.4543553,
              37.5333176
            ],
            [
              -77.4543418,
              37.5333175
            ],
            [
              -77.4542898,
              37.5333196
            ],
            [
              -77.4542302,
              37.5333359
            ],
            [
              -77.4541801,
              37.5333498
            ],
            [
              -77.4541384,
              37.533374
            ],
            [
              -77.454115,
              37.5333831
            ],
            [
              -77.454084,
              37.5334014
            ],
            [
              -77.454053,
              37.5334163
            ],
            [
              -77.4540037,
              37.5334505
            ],
            [
              -77.4537802,
              37.5335227
            ],
            [
              -77.4537237,
              37.5335399
            ],
            [
              -77.4537004,
              37.5335389
            ],
            [
              -77.4536782,
              37.5335345
            ],
            [
              -77.4536443,
              37.5335333
            ],
            [
              -77.4536038,
              37.5335406
            ],
            [
              -77.4535422,
              37.533551
            ],
            [
              -77.4534913,
              37.5335506
            ],
            [
              -77.4534436,
              37.5335434
            ],
            [
              -77.4533864,
              37.5335403
            ],
            [
              -77.4532758,
              37.533547
            ],
            [
              -77.4532376,
              37.53355
            ],
            [
              -77.4532034,
              37.5335615
            ],
            [
              -77.4531746,
              37.5335782
            ],
            [
              -77.4531637,
              37.5335983
            ],
            [
              -77.4531569,
              37.5336262
            ],
            [
              -77.4531481,
              37.5336457
            ],
            [
              -77.453134,
              37.5336766
            ],
            [
              -77.4531249,
              37.5337188
            ],
            [
              -77.453135,
              37.5337814
            ],
            [
              -77.4531402,
              37.5338383
            ],
            [
              -77.4531426,
              37.5338482
            ],
            [
              -77.4531461,
              37.5338621
            ],
            [
              -77.45314,
              37.5338621
            ],
            [
              -77.4530817,
              37.5338659
            ],
            [
              -77.453074,
              37.5338664
            ],
            [
              -77.4530535,
              37.5338692
            ],
            [
              -77.4530511,
              37.5338645
            ],
            [
              -77.4530436,
              37.5338439
            ],
            [
              -77.4530392,
              37.5338354
            ],
            [
              -77.4530219,
              37.5338015
            ],
            [
              -77.4529886,
              37.5337531
            ],
            [
              -77.4529446,
              37.533718
            ],
            [
              -77.4529098,
              37.5336999
            ],
            [
              -77.4528771,
              37.533687
            ],
            [
              -77.4528263,
              37.5336789
            ],
            [
              -77.4527777,
              37.5336692
            ],
            [
              -77.4527215,
              37.5336678
            ],
            [
              -77.4526727,
              37.5336674
            ],
            [
              -77.4525984,
              37.5336718
            ],
            [
              -77.4525507,
              37.5336815
            ],
            [
              -77.4525145,
              37.5336888
            ],
            [
              -77.4524751,
              37.533702
            ],
            [
              -77.4523816,
              37.5337138
            ],
            [
              -77.4523442,
              37.5337167
            ],
            [
              -77.4522924,
              37.5337206
            ],
            [
              -77.452216,
              37.5337259
            ],
            [
              -77.4521607,
              37.5337338
            ],
            [
              -77.4521023,
              37.5337384
            ],
            [
              -77.4520567,
              37.533738
            ],
            [
              -77.4520121,
              37.5337393
            ],
            [
              -77.4519664,
              37.5337465
            ],
            [
              -77.4519048,
              37.5337493
            ],
            [
              -77.4518709,
              37.533745
            ],
            [
              -77.4518337,
              37.5337514
            ],
            [
              -77.4517721,
              37.5337618
            ],
            [
              -77.4517232,
              37.5337682
            ],
            [
              -77.4516945,
              37.533786
            ],
            [
              -77.4516362,
              37.533786
            ],
            [
              -77.4516276,
              37.5337774
            ],
            [
              -77.4516383,
              37.5337733
            ],
            [
              -77.4516532,
              37.533765
            ],
            [
              -77.4516947,
              37.5337595
            ],
            [
              -77.4517022,
              37.5337519
            ],
            [
              -77.4516961,
              37.5337358
            ],
            [
              -77.4516962,
              37.5337223
            ],
            [
              -77.4516869,
              37.5337062
            ],
            [
              -77.4516668,
              37.5337068
            ],
            [
              -77.4516423,
              37.5337134
            ],
            [
              -77.4516167,
              37.5337233
            ],
            [
              -77.4516038,
              37.5337367
            ],
            [
              -77.4515951,
              37.5337476
            ],
            [
              -77.4515991,
              37.5337671
            ],
            [
              -77.4516,
              37.5337764
            ],
            [
              -77.4515798,
              37.5337804
            ],
            [
              -77.4515522,
              37.5337793
            ],
            [
              -77.4515439,
              37.5337674
            ],
            [
              -77.451542,
              37.5337547
            ],
            [
              -77.4515346,
              37.5337487
            ],
            [
              -77.4515165,
              37.5337553
            ],
            [
              -77.4515058,
              37.5337654
            ],
            [
              -77.4515056,
              37.5337747
            ],
            [
              -77.4514949,
              37.5337839
            ],
            [
              -77.4514641,
              37.5337904
            ],
            [
              -77.4513928,
              37.5338024
            ],
            [
              -77.4512397,
              37.5338255
            ],
            [
              -77.4510357,
              37.5338499
            ],
            [
              -77.45093,
              37.5338726
            ],
            [
              -77.4508332,
              37.5338895
            ],
            [
              -77.4506792,
              37.5339025
            ],
            [
              -77.4506044,
              37.5339127
            ],
            [
              -77.4504155,
              37.5339291
            ],
            [
              -77.4503682,
              37.5339354
            ],
            [
              -77.4502151,
              37.5339491
            ],
            [
              -77.4499782,
              37.5339715
            ],
            [
              -77.4499482,
              37.5339933
            ],
            [
              -77.4498561,
              37.5339771
            ],
            [
              -77.4498113,
              37.5339725
            ],
            [
              -77.4497217,
              37.5339731
            ],
            [
              -77.4496455,
              37.5339903
            ],
            [
              -77.4496451,
              37.5339904
            ],
            [
              -77.449638,
              37.5339924
            ],
            [
              -77.449609,
              37.5340007
            ]
          ]
        ]
      }
    }
  ]
}
